Record Length,2.500000e+03,,   0.003680000000,   0.44000,
Sample Interval,2.000000e-06,,   0.003682000000,   0.44000,
Trigger Point,-1.840000000000e+03,,   0.003684000000,   0.44000,
,,,   0.003686000000,   0.44000,
,,,   0.003688000000,   0.44000,
,,,   0.003690000000,   0.44000,
Source,CH2,,   0.003692000000,   0.44000,
Vertical Units,V,,   0.003694000000,   0.44000,
Vertical Scale,1.000000e+00,,   0.003696000000,   0.44000,
Vertical Offset,3.480000e+00,,   0.003698000000,   0.44000,
Horizontal Units,s,,   0.003700000000,   0.44000,
Horizontal Scale,5.000000e-04,,   0.003702000000,   0.44000,
Pt Fmt,Y,,   0.003704000000,   0.44000,
Yzero,0.000000e+00,,   0.003706000000,   0.44000,
Probe Atten,1.000000e+00,,   0.003708000000,   0.44000,
Model Number,TDS2024C,,   0.003710000000,   0.44000,
Serial Number,C010889,,   0.003712000000,   0.44000,
Firmware Version,FV:v24.09,,   0.003714000000,   0.44000,
,,,0.003716000000,   0.44000,
,,,0.003718000000,   0.44000,
,,,0.003720000000,   0.44000,
,,,0.003722000000,   0.44000,
,,,0.003724000000,   0.44000,
,,,0.003726000000,   0.44000,
,,,0.003728000000,   0.44000,
,,,0.003730000000,   0.44000,
,,,0.003732000000,   0.44000,
,,,0.003734000000,   0.44000,
,,,0.003736000000,   0.44000,
,,,0.003738000000,   0.44000,
,,,0.003740000000,   0.44000,
,,,0.003742000000,   0.44000,
,,,0.003744000000,   0.44000,
,,,0.003746000000,   0.44000,
,,,0.003748000000,   0.44000,
,,,0.003750000000,   0.44000,
,,,0.003752000000,   0.44000,
,,,0.003754000000,   0.44000,
,,,0.003756000000,   0.44000,
,,,0.003758000000,   0.44000,
,,,0.003760000000,   0.44000,
,,,0.003762000000,   0.44000,
,,,0.003764000000,   0.44000,
,,,0.003766000000,   0.44000,
,,,0.003768000000,   0.44000,
,,,0.003770000000,   0.40000,
,,,0.003772000000,   0.44000,
,,,0.003774000000,   0.44000,
,,,0.003776000000,   0.44000,
,,,0.003778000000,   0.44000,
,,,0.003780000000,   0.44000,
,,,0.003782000000,   0.44000,
,,,0.003784000000,   0.44000,
,,,0.003786000000,   0.44000,
,,,0.003788000000,   0.40000,
,,,0.003790000000,   0.40000,
,,,0.003792000000,   0.40000,
,,,0.003794000000,   0.44000,
,,,0.003796000000,   0.44000,
,,,0.003798000000,   0.44000,
,,,0.003800000000,   0.44000,
,,,0.003802000000,   0.44000,
,,,0.003804000000,   0.44000,
,,,0.003806000000,   0.44000,
,,,0.003808000000,   0.44000,
,,,0.003810000000,   0.40000,
,,,0.003812000000,   0.44000,
,,,0.003814000000,   0.44000,
,,,0.003816000000,   0.40000,
,,,0.003818000000,   0.44000,
,,,0.003820000000,   0.44000,
,,,0.003822000000,   0.40000,
,,,0.003824000000,   0.44000,
,,,0.003826000000,   0.44000,
,,,0.003828000000,   0.40000,
,,,0.003830000000,   0.40000,
,,,0.003832000000,   0.40000,
,,,0.003834000000,   0.40000,
,,,0.003836000000,   0.40000,
,,,0.003838000000,   0.44000,
,,,0.003840000000,   0.44000,
,,,0.003842000000,   0.44000,
,,,0.003844000000,   0.40000,
,,,0.003846000000,   0.40000,
,,,0.003848000000,   0.40000,
,,,0.003850000000,   0.40000,
,,,0.003852000000,   0.40000,
,,,0.003854000000,   0.40000,
,,,0.003856000000,   0.40000,
,,,0.003858000000,   0.40000,
,,,0.003860000000,   0.40000,
,,,0.003862000000,   0.44000,
,,,0.003864000000,   0.40000,
,,,0.003866000000,   0.40000,
,,,0.003868000000,   0.40000,
,,,0.003870000000,   0.40000,
,,,0.003872000000,   0.40000,
,,,0.003874000000,   0.40000,
,,,0.003876000000,   0.40000,
,,,0.003878000000,   0.40000,
,,,0.003880000000,   0.44000,
,,,0.003882000000,   0.40000,
,,,0.003884000000,   0.44000,
,,,0.003886000000,   0.40000,
,,,0.003888000000,   0.40000,
,,,0.003890000000,   0.40000,
,,,0.003892000000,   0.40000,
,,,0.003894000000,   0.40000,
,,,0.003896000000,   0.40000,
,,,0.003898000000,   0.40000,
,,,0.003900000000,   0.40000,
,,,0.003902000000,   0.44000,
,,,0.003904000000,   0.44000,
,,,0.003906000000,   0.40000,
,,,0.003908000000,   0.40000,
,,,0.003910000000,   0.40000,
,,,0.003912000000,   0.40000,
,,,0.003914000000,   0.40000,
,,,0.003916000000,   0.40000,
,,,0.003918000000,   0.44000,
,,,0.003920000000,   0.40000,
,,,0.003922000000,   0.44000,
,,,0.003924000000,   0.44000,
,,,0.003926000000,   0.44000,
,,,0.003928000000,   0.40000,
,,,0.003930000000,   0.40000,
,,,0.003932000000,   0.40000,
,,,0.003934000000,   0.40000,
,,,0.003936000000,   0.40000,
,,,0.003938000000,   0.40000,
,,,0.003940000000,   0.40000,
,,,0.003942000000,   0.40000,
,,,0.003944000000,   0.44000,
,,,0.003946000000,   0.40000,
,,,0.003948000000,   0.40000,
,,,0.003950000000,   0.40000,
,,,0.003952000000,   0.40000,
,,,0.003954000000,   0.40000,
,,,0.003956000000,   0.40000,
,,,0.003958000000,   0.40000,
,,,0.003960000000,   0.40000,
,,,0.003962000000,   0.44000,
,,,0.003964000000,   0.40000,
,,,0.003966000000,   0.40000,
,,,0.003968000000,   0.40000,
,,,0.003970000000,   0.40000,
,,,0.003972000000,   0.40000,
,,,0.003974000000,   0.40000,
,,,0.003976000000,   0.40000,
,,,0.003978000000,   0.40000,
,,,0.003980000000,   0.40000,
,,,0.003982000000,   0.40000,
,,,0.003984000000,   0.40000,
,,,0.003986000000,   0.40000,
,,,0.003988000000,   0.40000,
,,,0.003990000000,   0.40000,
,,,0.003992000000,   0.40000,
,,,0.003994000000,   0.40000,
,,,0.003996000000,   0.40000,
,,,0.003998000000,   0.40000,
,,,0.004000000000,   0.40000,
,,,0.004002000000,   0.40000,
,,,0.004004000000,   0.40000,
,,,0.004006000000,   0.40000,
,,,0.004008000000,   0.40000,
,,,0.004010000000,   0.40000,
,,,0.004012000000,   0.40000,
,,,0.004014000000,   0.40000,
,,,0.004016000000,   0.40000,
,,,0.004018000000,   0.40000,
,,,0.004020000000,   0.40000,
,,,0.004022000000,   0.40000,
,,,0.004024000000,   0.40000,
,,,0.004026000000,   0.40000,
,,,0.004028000000,   0.40000,
,,,0.004030000000,   0.40000,
,,,0.004032000000,   0.40000,
,,,0.004034000000,   0.40000,
,,,0.004036000000,   0.40000,
,,,0.004038000000,   0.40000,
,,,0.004040000000,   0.40000,
,,,0.004042000000,   0.40000,
,,,0.004044000000,   0.40000,
,,,0.004046000000,   0.40000,
,,,0.004048000000,   0.40000,
,,,0.004050000000,   0.40000,
,,,0.004052000000,   0.40000,
,,,0.004054000000,   0.40000,
,,,0.004056000000,   0.40000,
,,,0.004058000000,   0.40000,
,,,0.004060000000,   0.40000,
,,,0.004062000000,   0.40000,
,,,0.004064000000,   0.40000,
,,,0.004066000000,   0.40000,
,,,0.004068000000,   0.40000,
,,,0.004070000000,   0.40000,
,,,0.004072000000,   0.40000,
,,,0.004074000000,   0.40000,
,,,0.004076000000,   0.36000,
,,,0.004078000000,   0.40000,
,,,0.004080000000,   0.40000,
,,,0.004082000000,   0.40000,
,,,0.004084000000,   0.40000,
,,,0.004086000000,   0.40000,
,,,0.004088000000,   0.40000,
,,,0.004090000000,   0.40000,
,,,0.004092000000,   0.40000,
,,,0.004094000000,   0.36000,
,,,0.004096000000,   0.40000,
,,,0.004098000000,   0.36000,
,,,0.004100000000,   0.36000,
,,,0.004102000000,   0.40000,
,,,0.004104000000,   0.40000,
,,,0.004106000000,   0.40000,
,,,0.004108000000,   0.36000,
,,,0.004110000000,   0.40000,
,,,0.004112000000,   0.36000,
,,,0.004114000000,   0.36000,
,,,0.004116000000,   0.36000,
,,,0.004118000000,   0.36000,
,,,0.004120000000,   0.36000,
,,,0.004122000000,   0.36000,
,,,0.004124000000,   0.40000,
,,,0.004126000000,   0.40000,
,,,0.004128000000,   0.36000,
,,,0.004130000000,   0.36000,
,,,0.004132000000,   0.36000,
,,,0.004134000000,   0.36000,
,,,0.004136000000,   0.36000,
,,,0.004138000000,   0.36000,
,,,0.004140000000,   0.36000,
,,,0.004142000000,   0.36000,
,,,0.004144000000,   0.36000,
,,,0.004146000000,   0.36000,
,,,0.004148000000,   0.36000,
,,,0.004150000000,   0.36000,
,,,0.004152000000,   0.36000,
,,,0.004154000000,   0.36000,
,,,0.004156000000,   0.36000,
,,,0.004158000000,   0.36000,
,,,0.004160000000,   0.36000,
,,,0.004162000000,   0.36000,
,,,0.004164000000,   0.36000,
,,,0.004166000000,   0.36000,
,,,0.004168000000,   0.36000,
,,,0.004170000000,   0.36000,
,,,0.004172000000,   0.36000,
,,,0.004174000000,   0.36000,
,,,0.004176000000,   0.36000,
,,,0.004178000000,   0.36000,
,,,0.004180000000,   0.36000,
,,,0.004182000000,   0.36000,
,,,0.004184000000,   0.36000,
,,,0.004186000000,   0.36000,
,,,0.004188000000,   0.36000,
,,,0.004190000000,   0.36000,
,,,0.004192000000,   0.36000,
,,,0.004194000000,   0.36000,
,,,0.004196000000,   0.36000,
,,,0.004198000000,   0.36000,
,,,0.004200000000,   0.36000,
,,,0.004202000000,   0.36000,
,,,0.004204000000,   0.36000,
,,,0.004206000000,   0.36000,
,,,0.004208000000,   0.36000,
,,,0.004210000000,   0.36000,
,,,0.004212000000,   0.36000,
,,,0.004214000000,   0.36000,
,,,0.004216000000,   0.36000,
,,,0.004218000000,   0.36000,
,,,0.004220000000,   0.36000,
,,,0.004222000000,   0.36000,
,,,0.004224000000,   0.36000,
,,,0.004226000000,   0.36000,
,,,0.004228000000,   0.36000,
,,,0.004230000000,   0.36000,
,,,0.004232000000,   0.36000,
,,,0.004234000000,   0.36000,
,,,0.004236000000,   0.36000,
,,,0.004238000000,   0.36000,
,,,0.004240000000,   0.36000,
,,,0.004242000000,   0.36000,
,,,0.004244000000,   0.36000,
,,,0.004246000000,   0.36000,
,,,0.004248000000,   0.36000,
,,,0.004250000000,   0.36000,
,,,0.004252000000,   0.36000,
,,,0.004254000000,   0.36000,
,,,0.004256000000,   0.36000,
,,,0.004258000000,   0.32000,
,,,0.004260000000,   0.36000,
,,,0.004262000000,   0.36000,
,,,0.004264000000,   0.36000,
,,,0.004266000000,   0.36000,
,,,0.004268000000,   0.36000,
,,,0.004270000000,   0.36000,
,,,0.004272000000,   0.36000,
,,,0.004274000000,   0.32000,
,,,0.004276000000,   0.36000,
,,,0.004278000000,   0.32000,
,,,0.004280000000,   0.32000,
,,,0.004282000000,   0.36000,
,,,0.004284000000,   0.36000,
,,,0.004286000000,   0.36000,
,,,0.004288000000,   0.36000,
,,,0.004290000000,   0.36000,
,,,0.004292000000,   0.36000,
,,,0.004294000000,   0.36000,
,,,0.004296000000,   0.32000,
,,,0.004298000000,   0.32000,
,,,0.004300000000,   0.32000,
,,,0.004302000000,   0.32000,
,,,0.004304000000,   0.36000,
,,,0.004306000000,   0.36000,
,,,0.004308000000,   0.36000,
,,,0.004310000000,   0.32000,
,,,0.004312000000,   0.32000,
,,,0.004314000000,   0.32000,
,,,0.004316000000,   0.32000,
,,,0.004318000000,   0.32000,
,,,0.004320000000,   0.32000,
,,,0.004322000000,   0.32000,
,,,0.004324000000,   0.32000,
,,,0.004326000000,   0.32000,
,,,0.004328000000,   0.32000,
,,,0.004330000000,   0.32000,
,,,0.004332000000,   0.32000,
,,,0.004334000000,   0.32000,
,,,0.004336000000,   0.32000,
,,,0.004338000000,   0.32000,
,,,0.004340000000,   0.32000,
,,,0.004342000000,   0.32000,
,,,0.004344000000,   0.32000,
,,,0.004346000000,   0.32000,
,,,0.004348000000,   0.32000,
,,,0.004350000000,   0.32000,
,,,0.004352000000,   0.32000,
,,,0.004354000000,   0.32000,
,,,0.004356000000,   0.32000,
,,,0.004358000000,   0.32000,
,,,0.004360000000,   0.32000,
,,,0.004362000000,   0.32000,
,,,0.004364000000,   0.32000,
,,,0.004366000000,   0.32000,
,,,0.004368000000,   0.32000,
,,,0.004370000000,   0.32000,
,,,0.004372000000,   0.32000,
,,,0.004374000000,   0.32000,
,,,0.004376000000,   0.32000,
,,,0.004378000000,   0.32000,
,,,0.004380000000,   0.32000,
,,,0.004382000000,   0.32000,
,,,0.004384000000,   0.32000,
,,,0.004386000000,   0.32000,
,,,0.004388000000,   0.32000,
,,,0.004390000000,   0.32000,
,,,0.004392000000,   0.32000,
,,,0.004394000000,   0.32000,
,,,0.004396000000,   0.32000,
,,,0.004398000000,   0.32000,
,,,0.004400000000,   0.32000,
,,,0.004402000000,   0.32000,
,,,0.004404000000,   0.32000,
,,,0.004406000000,   0.32000,
,,,0.004408000000,   0.32000,
,,,0.004410000000,   0.32000,
,,,0.004412000000,   0.32000,
,,,0.004414000000,   0.32000,
,,,0.004416000000,   0.28000,
,,,0.004418000000,   0.32000,
,,,0.004420000000,   0.28000,
,,,0.004422000000,   0.32000,
,,,0.004424000000,   0.32000,
,,,0.004426000000,   0.32000,
,,,0.004428000000,   0.32000,
,,,0.004430000000,   0.32000,
,,,0.004432000000,   0.32000,
,,,0.004434000000,   0.32000,
,,,0.004436000000,   0.32000,
,,,0.004438000000,   0.28000,
,,,0.004440000000,   0.28000,
,,,0.004442000000,   0.28000,
,,,0.004444000000,   0.28000,
,,,0.004446000000,   0.32000,
,,,0.004448000000,   0.32000,
,,,0.004450000000,   0.32000,
,,,0.004452000000,   0.28000,
,,,0.004454000000,   0.32000,
,,,0.004456000000,   0.32000,
,,,0.004458000000,   0.28000,
,,,0.004460000000,   0.28000,
,,,0.004462000000,   0.28000,
,,,0.004464000000,   0.28000,
,,,0.004466000000,   0.32000,
,,,0.004468000000,   0.32000,
,,,0.004470000000,   0.32000,
,,,0.004472000000,   0.28000,
,,,0.004474000000,   0.28000,
,,,0.004476000000,   0.28000,
,,,0.004478000000,   0.28000,
,,,0.004480000000,   0.28000,
,,,0.004482000000,   0.28000,
,,,0.004484000000,   0.28000,
,,,0.004486000000,   0.28000,
,,,0.004488000000,   0.28000,
,,,0.004490000000,   0.28000,
,,,0.004492000000,   0.28000,
,,,0.004494000000,   0.28000,
,,,0.004496000000,   0.28000,
,,,0.004498000000,   0.28000,
,,,0.004500000000,   0.28000,
,,,0.004502000000,   0.28000,
,,,0.004504000000,   0.28000,
,,,0.004506000000,   0.28000,
,,,0.004508000000,   0.28000,
,,,0.004510000000,   0.28000,
,,,0.004512000000,   0.28000,
,,,0.004514000000,   0.28000,
,,,0.004516000000,   0.28000,
,,,0.004518000000,   0.28000,
,,,0.004520000000,   0.28000,
,,,0.004522000000,   0.28000,
,,,0.004524000000,   0.28000,
,,,0.004526000000,   0.28000,
,,,0.004528000000,   0.28000,
,,,0.004530000000,   0.28000,
,,,0.004532000000,   0.28000,
,,,0.004534000000,   0.28000,
,,,0.004536000000,   0.28000,
,,,0.004538000000,   0.28000,
,,,0.004540000000,   0.28000,
,,,0.004542000000,   0.28000,
,,,0.004544000000,   0.28000,
,,,0.004546000000,   0.28000,
,,,0.004548000000,   0.28000,
,,,0.004550000000,   0.28000,
,,,0.004552000000,   0.28000,
,,,0.004554000000,   0.28000,
,,,0.004556000000,   0.28000,
,,,0.004558000000,   0.28000,
,,,0.004560000000,   0.28000,
,,,0.004562000000,   0.28000,
,,,0.004564000000,   0.28000,
,,,0.004566000000,   0.28000,
,,,0.004568000000,   0.28000,
,,,0.004570000000,   0.28000,
,,,0.004572000000,   0.28000,
,,,0.004574000000,   0.28000,
,,,0.004576000000,   0.28000,
,,,0.004578000000,   0.28000,
,,,0.004580000000,   0.28000,
,,,0.004582000000,   0.24000,
,,,0.004584000000,   0.28000,
,,,0.004586000000,   0.28000,
,,,0.004588000000,   0.28000,
,,,0.004590000000,   0.28000,
,,,0.004592000000,   0.28000,
,,,0.004594000000,   0.28000,
,,,0.004596000000,   0.28000,
,,,0.004598000000,   0.24000,
,,,0.004600000000,   0.24000,
,,,0.004602000000,   0.24000,
,,,0.004604000000,   0.24000,
,,,0.004606000000,   0.24000,
,,,0.004608000000,   0.24000,
,,,0.004610000000,   0.24000,
,,,0.004612000000,   0.24000,
,,,0.004614000000,   0.28000,
,,,0.004616000000,   0.24000,
,,,0.004618000000,   0.24000,
,,,0.004620000000,   0.24000,
,,,0.004622000000,   0.24000,
,,,0.004624000000,   0.24000,
,,,0.004626000000,   0.24000,
,,,0.004628000000,   0.24000,
,,,0.004630000000,   0.24000,
,,,0.004632000000,   0.24000,
,,,0.004634000000,   0.24000,
,,,0.004636000000,   0.24000,
,,,0.004638000000,   0.24000,
,,,0.004640000000,   0.24000,
,,,0.004642000000,   0.24000,
,,,0.004644000000,   0.24000,
,,,0.004646000000,   0.24000,
,,,0.004648000000,   0.24000,
,,,0.004650000000,   0.24000,
,,,0.004652000000,   0.24000,
,,,0.004654000000,   0.24000,
,,,0.004656000000,   0.24000,
,,,0.004658000000,   0.24000,
,,,0.004660000000,   0.24000,
,,,0.004662000000,   0.24000,
,,,0.004664000000,   0.24000,
,,,0.004666000000,   0.24000,
,,,0.004668000000,   0.24000,
,,,0.004670000000,   0.24000,
,,,0.004672000000,   0.24000,
,,,0.004674000000,   0.24000,
,,,0.004676000000,   0.24000,
,,,0.004678000000,   0.24000,
,,,0.004680000000,   0.24000,
,,,0.004682000000,   0.24000,
,,,0.004684000000,   0.24000,
,,,0.004686000000,   0.24000,
,,,0.004688000000,   0.24000,
,,,0.004690000000,   0.24000,
,,,0.004692000000,   0.24000,
,,,0.004694000000,   0.24000,
,,,0.004696000000,   0.24000,
,,,0.004698000000,   0.24000,
,,,0.004700000000,   0.20000,
,,,0.004702000000,   0.24000,
,,,0.004704000000,   0.20000,
,,,0.004706000000,   0.24000,
,,,0.004708000000,   0.20000,
,,,0.004710000000,   0.24000,
,,,0.004712000000,   0.24000,
,,,0.004714000000,   0.24000,
,,,0.004716000000,   0.24000,
,,,0.004718000000,   0.24000,
,,,0.004720000000,   0.20000,
,,,0.004722000000,   0.20000,
,,,0.004724000000,   0.20000,
,,,0.004726000000,   0.20000,
,,,0.004728000000,   0.20000,
,,,0.004730000000,   0.20000,
,,,0.004732000000,   0.24000,
,,,0.004734000000,   0.20000,
,,,0.004736000000,   0.20000,
,,,0.004738000000,   0.20000,
,,,0.004740000000,   0.20000,
,,,0.004742000000,   0.20000,
,,,0.004744000000,   0.20000,
,,,0.004746000000,   0.20000,
,,,0.004748000000,   0.20000,
,,,0.004750000000,   0.20000,
,,,0.004752000000,   0.20000,
,,,0.004754000000,   0.20000,
,,,0.004756000000,   0.20000,
,,,0.004758000000,   0.20000,
,,,0.004760000000,   0.20000,
,,,0.004762000000,   0.20000,
,,,0.004764000000,   0.20000,
,,,0.004766000000,   0.20000,
,,,0.004768000000,   0.20000,
,,,0.004770000000,   0.20000,
,,,0.004772000000,   0.20000,
,,,0.004774000000,   0.20000,
,,,0.004776000000,   0.20000,
,,,0.004778000000,   0.20000,
,,,0.004780000000,   0.20000,
,,,0.004782000000,   0.20000,
,,,0.004784000000,   0.20000,
,,,0.004786000000,   0.20000,
,,,0.004788000000,   0.20000,
,,,0.004790000000,   0.20000,
,,,0.004792000000,   0.20000,
,,,0.004794000000,   0.20000,
,,,0.004796000000,   0.20000,
,,,0.004798000000,   0.20000,
,,,0.004800000000,   0.20000,
,,,0.004802000000,   0.20000,
,,,0.004804000000,   0.20000,
,,,0.004806000000,   0.16000,
,,,0.004808000000,   0.20000,
,,,0.004810000000,   0.20000,
,,,0.004812000000,   0.20000,
,,,0.004814000000,   0.20000,
,,,0.004816000000,   0.20000,
,,,0.004818000000,   0.20000,
,,,0.004820000000,   0.20000,
,,,0.004822000000,   0.20000,
,,,0.004824000000,   0.16000,
,,,0.004826000000,   0.16000,
,,,0.004828000000,   0.16000,
,,,0.004830000000,   0.16000,
,,,0.004832000000,   0.16000,
,,,0.004834000000,   0.16000,
,,,0.004836000000,   0.16000,
,,,0.004838000000,   0.16000,
,,,0.004840000000,   0.16000,
,,,0.004842000000,   0.16000,
,,,0.004844000000,   0.16000,
,,,0.004846000000,   0.16000,
,,,0.004848000000,   0.16000,
,,,0.004850000000,   0.16000,
,,,0.004852000000,   0.16000,
,,,0.004854000000,   0.16000,
,,,0.004856000000,   0.16000,
,,,0.004858000000,   0.16000,
,,,0.004860000000,   0.16000,
,,,0.004862000000,   0.16000,
,,,0.004864000000,   0.16000,
,,,0.004866000000,   0.16000,
,,,0.004868000000,   0.16000,
,,,0.004870000000,   0.16000,
,,,0.004872000000,   0.16000,
,,,0.004874000000,   0.16000,
,,,0.004876000000,   0.16000,
,,,0.004878000000,   0.16000,
,,,0.004880000000,   0.16000,
,,,0.004882000000,   0.16000,
,,,0.004884000000,   0.12000,
,,,0.004886000000,   0.12000,
,,,0.004888000000,   0.12000,
,,,0.004890000000,   0.16000,
,,,0.004892000000,   0.16000,
,,,0.004894000000,   0.16000,
,,,0.004896000000,   0.16000,
,,,0.004898000000,   0.12000,
,,,0.004900000000,   0.12000,
,,,0.004902000000,   0.12000,
,,,0.004904000000,   0.12000,
,,,0.004906000000,   0.12000,
,,,0.004908000000,   0.12000,
,,,0.004910000000,   0.12000,
,,,0.004912000000,   0.12000,
,,,0.004914000000,   0.12000,
,,,0.004916000000,   0.12000,
,,,0.004918000000,   0.12000,
,,,0.004920000000,   0.12000,
,,,0.004922000000,   0.12000,
,,,0.004924000000,   0.12000,
,,,0.004926000000,   0.12000,
,,,0.004928000000,   0.12000,
,,,0.004930000000,   0.12000,
,,,0.004932000000,   0.12000,
,,,0.004934000000,   0.12000,
,,,0.004936000000,   0.12000,
,,,0.004938000000,   0.12000,
,,,0.004940000000,   0.12000,
,,,0.004942000000,   0.12000,
,,,0.004944000000,   0.08000,
,,,0.004946000000,   0.08000,
,,,0.004948000000,   0.08000,
,,,0.004950000000,   0.08000,
,,,0.004952000000,   0.08000,
,,,0.004954000000,   0.12000,
,,,0.004956000000,   0.08000,
,,,0.004958000000,   0.08000,
,,,0.004960000000,   0.08000,
,,,0.004962000000,   0.08000,
,,,0.004964000000,   0.08000,
,,,0.004966000000,   0.08000,
,,,0.004968000000,   0.08000,
,,,0.004970000000,   0.08000,
,,,0.004972000000,   0.08000,
,,,0.004974000000,   0.08000,
,,,0.004976000000,   0.08000,
,,,0.004978000000,   0.08000,
,,,0.004980000000,   0.08000,
,,,0.004982000000,   0.08000,
,,,0.004984000000,   0.08000,
,,,0.004986000000,   0.08000,
,,,0.004988000000,   0.08000,
,,,0.004990000000,   0.08000,
,,,0.004992000000,   0.08000,
,,,0.004994000000,   0.08000,
,,,0.004996000000,   0.08000,
,,,0.004998000000,   0.08000,
,,,0.005000000000,   0.08000,
,,,0.005002000000,   0.08000,
,,,0.005004000000,   0.04000,
,,,0.005006000000,   0.04000,
,,,0.005008000000,   0.04000,
,,,0.005010000000,   0.04000,
,,,0.005012000000,   0.04000,
,,,0.005014000000,   0.08000,
,,,0.005016000000,   0.08000,
,,,0.005018000000,   0.08000,
,,,0.005020000000,   0.04000,
,,,0.005022000000,   0.04000,
,,,0.005024000000,   0.04000,
,,,0.005026000000,   0.04000,
,,,0.005028000000,   0.04000,
,,,0.005030000000,   0.04000,
,,,0.005032000000,   0.04000,
,,,0.005034000000,   0.04000,
,,,0.005036000000,   0.04000,
,,,0.005038000000,   0.04000,
,,,0.005040000000,   0.04000,
,,,0.005042000000,   0.04000,
,,,0.005044000000,   0.04000,
,,,0.005046000000,   0.04000,
,,,0.005048000000,   0.04000,
,,,0.005050000000,   0.04000,
,,,0.005052000000,   0.04000,
,,,0.005054000000,   0.04000,
,,,0.005056000000,   0.04000,
,,,0.005058000000,   0.04000,
,,,0.005060000000,   0.04000,
,,,0.005062000000,   0.04000,
,,,0.005064000000,   0.00000,
,,,0.005066000000,   0.00000,
,,,0.005068000000,   0.00000,
,,,0.005070000000,   0.00000,
,,,0.005072000000,   0.00000,
,,,0.005074000000,   0.00000,
,,,0.005076000000,   0.00000,
,,,0.005078000000,   0.00000,
,,,0.005080000000,   0.00000,
,,,0.005082000000,   0.00000,
,,,0.005084000000,   0.00000,
,,,0.005086000000,   0.00000,
,,,0.005088000000,   0.00000,
,,,0.005090000000,   0.00000,
,,,0.005092000000,   0.00000,
,,,0.005094000000,   0.00000,
,,,0.005096000000,   0.00000,
,,,0.005098000000,   0.00000,
,,,0.005100000000,   0.00000,
,,,0.005102000000,   0.00000,
,,,0.005104000000,   0.00000,
,,,0.005106000000,   0.00000,
,,,0.005108000000,   0.00000,
,,,0.005110000000,  -0.04000,
,,,0.005112000000,   0.00000,
,,,0.005114000000,   0.00000,
,,,0.005116000000,   0.00000,
,,,0.005118000000,  -0.04000,
,,,0.005120000000,  -0.04000,
,,,0.005122000000,  -0.04000,
,,,0.005124000000,  -0.04000,
,,,0.005126000000,  -0.04000,
,,,0.005128000000,  -0.04000,
,,,0.005130000000,  -0.04000,
,,,0.005132000000,  -0.04000,
,,,0.005134000000,  -0.04000,
,,,0.005136000000,  -0.04000,
,,,0.005138000000,  -0.04000,
,,,0.005140000000,  -0.04000,
,,,0.005142000000,  -0.04000,
,,,0.005144000000,  -0.04000,
,,,0.005146000000,  -0.04000,
,,,0.005148000000,  -0.04000,
,,,0.005150000000,  -0.04000,
,,,0.005152000000,  -0.04000,
,,,0.005154000000,  -0.04000,
,,,0.005156000000,  -0.04000,
,,,0.005158000000,  -0.04000,
,,,0.005160000000,  -0.04000,
,,,0.005162000000,  -0.04000,
,,,0.005164000000,  -0.08000,
,,,0.005166000000,  -0.04000,
,,,0.005168000000,  -0.08000,
,,,0.005170000000,  -0.08000,
,,,0.005172000000,  -0.08000,
,,,0.005174000000,  -0.08000,
,,,0.005176000000,  -0.08000,
,,,0.005178000000,  -0.04000,
,,,0.005180000000,  -0.08000,
,,,0.005182000000,  -0.08000,
,,,0.005184000000,  -0.08000,
,,,0.005186000000,  -0.08000,
,,,0.005188000000,  -0.08000,
,,,0.005190000000,  -0.08000,
,,,0.005192000000,  -0.08000,
,,,0.005194000000,  -0.08000,
,,,0.005196000000,  -0.08000,
,,,0.005198000000,  -0.08000,
,,,0.005200000000,  -0.08000,
,,,0.005202000000,  -0.08000,
,,,0.005204000000,  -0.08000,
,,,0.005206000000,  -0.08000,
,,,0.005208000000,  -0.08000,
,,,0.005210000000,  -0.08000,
,,,0.005212000000,  -0.12000,
,,,0.005214000000,  -0.08000,
,,,0.005216000000,  -0.08000,
,,,0.005218000000,  -0.08000,
,,,0.005220000000,  -0.08000,
,,,0.005222000000,  -0.08000,
,,,0.005224000000,  -0.12000,
,,,0.005226000000,  -0.12000,
,,,0.005228000000,  -0.12000,
,,,0.005230000000,  -0.12000,
,,,0.005232000000,  -0.12000,
,,,0.005234000000,  -0.12000,
,,,0.005236000000,  -0.12000,
,,,0.005238000000,  -0.12000,
,,,0.005240000000,  -0.12000,
,,,0.005242000000,  -0.12000,
,,,0.005244000000,  -0.12000,
,,,0.005246000000,  -0.12000,
,,,0.005248000000,  -0.12000,
,,,0.005250000000,  -0.12000,
,,,0.005252000000,  -0.12000,
,,,0.005254000000,  -0.12000,
,,,0.005256000000,  -0.12000,
,,,0.005258000000,  -0.12000,
,,,0.005260000000,  -0.12000,
,,,0.005262000000,  -0.12000,
,,,0.005264000000,  -0.12000,
,,,0.005266000000,  -0.12000,
,,,0.005268000000,  -0.16000,
,,,0.005270000000,  -0.16000,
,,,0.005272000000,  -0.16000,
,,,0.005274000000,  -0.16000,
,,,0.005276000000,  -0.16000,
,,,0.005278000000,  -0.16000,
,,,0.005280000000,  -0.16000,
,,,0.005282000000,  -0.16000,
,,,0.005284000000,  -0.16000,
,,,0.005286000000,  -0.16000,
,,,0.005288000000,  -0.16000,
,,,0.005290000000,  -0.16000,
,,,0.005292000000,  -0.16000,
,,,0.005294000000,  -0.16000,
,,,0.005296000000,  -0.16000,
,,,0.005298000000,  -0.16000,
,,,0.005300000000,  -0.16000,
,,,0.005302000000,  -0.16000,
,,,0.005304000000,  -0.16000,
,,,0.005306000000,  -0.20000,
,,,0.005308000000,  -0.20000,
,,,0.005310000000,  -0.20000,
,,,0.005312000000,  -0.20000,
,,,0.005314000000,  -0.20000,
,,,0.005316000000,  -0.20000,
,,,0.005318000000,  -0.20000,
,,,0.005320000000,  -0.20000,
,,,0.005322000000,  -0.20000,
,,,0.005324000000,  -0.20000,
,,,0.005326000000,  -0.20000,
,,,0.005328000000,  -0.20000,
,,,0.005330000000,  -0.20000,
,,,0.005332000000,  -0.20000,
,,,0.005334000000,  -0.20000,
,,,0.005336000000,  -0.20000,
,,,0.005338000000,  -0.20000,
,,,0.005340000000,  -0.20000,
,,,0.005342000000,  -0.20000,
,,,0.005344000000,  -0.20000,
,,,0.005346000000,  -0.20000,
,,,0.005348000000,  -0.24000,
,,,0.005350000000,  -0.24000,
,,,0.005352000000,  -0.24000,
,,,0.005354000000,  -0.24000,
,,,0.005356000000,  -0.24000,
,,,0.005358000000,  -0.24000,
,,,0.005360000000,  -0.24000,
,,,0.005362000000,  -0.24000,
,,,0.005364000000,  -0.24000,
,,,0.005366000000,  -0.24000,
,,,0.005368000000,  -0.24000,
,,,0.005370000000,  -0.28000,
,,,0.005372000000,  -0.28000,
,,,0.005374000000,  -0.28000,
,,,0.005376000000,  -0.28000,
,,,0.005378000000,  -0.28000,
,,,0.005380000000,  -0.28000,
,,,0.005382000000,  -0.28000,
,,,0.005384000000,  -0.28000,
,,,0.005386000000,  -0.28000,
,,,0.005388000000,  -0.28000,
,,,0.005390000000,  -0.28000,
,,,0.005392000000,  -0.32000,
,,,0.005394000000,  -0.28000,
,,,0.005396000000,  -0.28000,
,,,0.005398000000,  -0.28000,
,,,0.005400000000,  -0.28000,
,,,0.005402000000,  -0.28000,
,,,0.005404000000,  -0.28000,
,,,0.005406000000,  -0.32000,
,,,0.005408000000,  -0.32000,
,,,0.005410000000,  -0.32000,
,,,0.005412000000,  -0.32000,
,,,0.005414000000,  -0.32000,
,,,0.005416000000,  -0.32000,
,,,0.005418000000,  -0.32000,
,,,0.005420000000,  -0.32000,
,,,0.005422000000,  -0.32000,
,,,0.005424000000,  -0.32000,
,,,0.005426000000,  -0.32000,
,,,0.005428000000,  -0.36000,
,,,0.005430000000,  -0.36000,
,,,0.005432000000,  -0.36000,
,,,0.005434000000,  -0.36000,
,,,0.005436000000,  -0.36000,
,,,0.005438000000,  -0.36000,
,,,0.005440000000,  -0.36000,
,,,0.005442000000,  -0.36000,
,,,0.005444000000,  -0.36000,
,,,0.005446000000,  -0.36000,
,,,0.005448000000,  -0.36000,
,,,0.005450000000,  -0.36000,
,,,0.005452000000,  -0.36000,
,,,0.005454000000,  -0.40000,
,,,0.005456000000,  -0.36000,
,,,0.005458000000,  -0.40000,
,,,0.005460000000,  -0.40000,
,,,0.005462000000,  -0.40000,
,,,0.005464000000,  -0.40000,
,,,0.005466000000,  -0.40000,
,,,0.005468000000,  -0.40000,
,,,0.005470000000,  -0.40000,
,,,0.005472000000,  -0.40000,
,,,0.005474000000,  -0.40000,
,,,0.005476000000,  -0.40000,
,,,0.005478000000,  -0.40000,
,,,0.005480000000,  -0.40000,
,,,0.005482000000,  -0.40000,
,,,0.005484000000,  -0.40000,
,,,0.005486000000,  -0.44000,
,,,0.005488000000,  -0.44000,
,,,0.005490000000,  -0.44000,
,,,0.005492000000,  -0.44000,
,,,0.005494000000,  -0.44000,
,,,0.005496000000,  -0.44000,
,,,0.005498000000,  -0.44000,
,,,0.005500000000,  -0.44000,
,,,0.005502000000,  -0.44000,
,,,0.005504000000,  -0.44000,
,,,0.005506000000,  -0.44000,
,,,0.005508000000,  -0.48000,
,,,0.005510000000,  -0.48000,
,,,0.005512000000,  -0.48000,
,,,0.005514000000,  -0.48000,
,,,0.005516000000,  -0.48000,
,,,0.005518000000,  -0.48000,
,,,0.005520000000,  -0.48000,
,,,0.005522000000,  -0.48000,
,,,0.005524000000,  -0.48000,
,,,0.005526000000,  -0.48000,
,,,0.005528000000,  -0.48000,
,,,0.005530000000,  -0.48000,
,,,0.005532000000,  -0.52000,
,,,0.005534000000,  -0.52000,
,,,0.005536000000,  -0.52000,
,,,0.005538000000,  -0.52000,
,,,0.005540000000,  -0.52000,
,,,0.005542000000,  -0.52000,
,,,0.005544000000,  -0.52000,
,,,0.005546000000,  -0.52000,
,,,0.005548000000,  -0.52000,
,,,0.005550000000,  -0.52000,
,,,0.005552000000,  -0.52000,
,,,0.005554000000,  -0.56000,
,,,0.005556000000,  -0.52000,
,,,0.005558000000,  -0.56000,
,,,0.005560000000,  -0.52000,
,,,0.005562000000,  -0.56000,
,,,0.005564000000,  -0.56000,
,,,0.005566000000,  -0.56000,
,,,0.005568000000,  -0.56000,
,,,0.005570000000,  -0.56000,
,,,0.005572000000,  -0.56000,
,,,0.005574000000,  -0.56000,
,,,0.005576000000,  -0.56000,
,,,0.005578000000,  -0.56000,
,,,0.005580000000,  -0.56000,
,,,0.005582000000,  -0.56000,
,,,0.005584000000,  -0.56000,
,,,0.005586000000,  -0.56000,
,,,0.005588000000,  -0.60000,
,,,0.005590000000,  -0.60000,
,,,0.005592000000,  -0.60000,
,,,0.005594000000,  -0.60000,
,,,0.005596000000,  -0.60000,
,,,0.005598000000,  -0.60000,
,,,0.005600000000,  -0.60000,
,,,0.005602000000,  -0.60000,
,,,0.005604000000,  -0.60000,
,,,0.005606000000,  -0.60000,
,,,0.005608000000,  -0.60000,
,,,0.005610000000,  -0.64000,
,,,0.005612000000,  -0.64000,
,,,0.005614000000,  -0.64000,
,,,0.005616000000,  -0.64000,
,,,0.005618000000,  -0.64000,
,,,0.005620000000,  -0.64000,
,,,0.005622000000,  -0.64000,
,,,0.005624000000,  -0.64000,
,,,0.005626000000,  -0.64000,
,,,0.005628000000,  -0.64000,
,,,0.005630000000,  -0.64000,
,,,0.005632000000,  -0.68000,
,,,0.005634000000,  -0.68000,
,,,0.005636000000,  -0.68000,
,,,0.005638000000,  -0.68000,
,,,0.005640000000,  -0.68000,
,,,0.005642000000,  -0.68000,
,,,0.005644000000,  -0.68000,
,,,0.005646000000,  -0.68000,
,,,0.005648000000,  -0.68000,
,,,0.005650000000,  -0.68000,
,,,0.005652000000,  -0.72000,
,,,0.005654000000,  -0.72000,
,,,0.005656000000,  -0.72000,
,,,0.005658000000,  -0.72000,
,,,0.005660000000,  -0.72000,
,,,0.005662000000,  -0.72000,
,,,0.005664000000,  -0.72000,
,,,0.005666000000,  -0.72000,
,,,0.005668000000,  -0.72000,
,,,0.005670000000,  -0.76000,
,,,0.005672000000,  -0.76000,
,,,0.005674000000,  -0.76000,
,,,0.005676000000,  -0.76000,
,,,0.005678000000,  -0.76000,
,,,0.005680000000,  -0.76000,
,,,0.005682000000,  -0.76000,
,,,0.005684000000,  -0.76000,
,,,0.005686000000,  -0.76000,
,,,0.005688000000,  -0.76000,
,,,0.005690000000,  -0.80000,
,,,0.005692000000,  -0.80000,
,,,0.005694000000,  -0.80000,
,,,0.005696000000,  -0.80000,
,,,0.005698000000,  -0.80000,
,,,0.005700000000,  -0.80000,
,,,0.005702000000,  -0.80000,
,,,0.005704000000,  -0.80000,
,,,0.005706000000,  -0.80000,
,,,0.005708000000,  -0.80000,
,,,0.005710000000,  -0.80000,
,,,0.005712000000,  -0.84000,
,,,0.005714000000,  -0.84000,
,,,0.005716000000,  -0.84000,
,,,0.005718000000,  -0.84000,
,,,0.005720000000,  -0.84000,
,,,0.005722000000,  -0.84000,
,,,0.005724000000,  -0.84000,
,,,0.005726000000,  -0.84000,
,,,0.005728000000,  -0.84000,
,,,0.005730000000,  -0.84000,
,,,0.005732000000,  -0.88000,
,,,0.005734000000,  -0.88000,
,,,0.005736000000,  -0.88000,
,,,0.005738000000,  -0.88000,
,,,0.005740000000,  -0.88000,
,,,0.005742000000,  -0.88000,
,,,0.005744000000,  -0.88000,
,,,0.005746000000,  -0.88000,
,,,0.005748000000,  -0.88000,
,,,0.005750000000,  -0.88000,
,,,0.005752000000,  -0.92000,
,,,0.005754000000,  -0.92000,
,,,0.005756000000,  -0.92000,
,,,0.005758000000,  -0.92000,
,,,0.005760000000,  -0.92000,
,,,0.005762000000,  -0.92000,
,,,0.005764000000,  -0.92000,
,,,0.005766000000,  -0.92000,
,,,0.005768000000,  -0.92000,
,,,0.005770000000,  -0.96000,
,,,0.005772000000,  -0.96000,
,,,0.005774000000,  -0.96000,
,,,0.005776000000,  -0.96000,
,,,0.005778000000,  -0.96000,
,,,0.005780000000,  -0.96000,
,,,0.005782000000,  -0.96000,
,,,0.005784000000,  -0.96000,
,,,0.005786000000,  -0.96000,
,,,0.005788000000,  -1.00000,
,,,0.005790000000,  -0.96000,
,,,0.005792000000,  -1.00000,
,,,0.005794000000,  -1.00000,
,,,0.005796000000,  -1.00000,
,,,0.005798000000,  -1.00000,
,,,0.005800000000,  -1.00000,
,,,0.005802000000,  -1.00000,
,,,0.005804000000,  -1.00000,
,,,0.005806000000,  -1.00000,
,,,0.005808000000,  -1.00000,
,,,0.005810000000,  -1.04000,
,,,0.005812000000,  -1.04000,
,,,0.005814000000,  -1.04000,
,,,0.005816000000,  -1.04000,
,,,0.005818000000,  -1.04000,
,,,0.005820000000,  -1.04000,
,,,0.005822000000,  -1.08000,
,,,0.005824000000,  -1.04000,
,,,0.005826000000,  -1.08000,
,,,0.005828000000,  -1.08000,
,,,0.005830000000,  -1.08000,
,,,0.005832000000,  -1.08000,
,,,0.005834000000,  -1.08000,
,,,0.005836000000,  -1.12000,
,,,0.005838000000,  -1.12000,
,,,0.005840000000,  -1.12000,
,,,0.005842000000,  -1.12000,
,,,0.005844000000,  -1.12000,
,,,0.005846000000,  -1.12000,
,,,0.005848000000,  -1.12000,
,,,0.005850000000,  -1.12000,
,,,0.005852000000,  -1.12000,
,,,0.005854000000,  -1.16000,
,,,0.005856000000,  -1.16000,
,,,0.005858000000,  -1.16000,
,,,0.005860000000,  -1.16000,
,,,0.005862000000,  -1.16000,
,,,0.005864000000,  -1.16000,
,,,0.005866000000,  -1.16000,
,,,0.005868000000,  -1.16000,
,,,0.005870000000,  -1.16000,
,,,0.005872000000,  -1.20000,
,,,0.005874000000,  -1.20000,
,,,0.005876000000,  -1.20000,
,,,0.005878000000,  -1.20000,
,,,0.005880000000,  -1.20000,
,,,0.005882000000,  -1.20000,
,,,0.005884000000,  -1.20000,
,,,0.005886000000,  -1.20000,
,,,0.005888000000,  -1.20000,
,,,0.005890000000,  -1.24000,
,,,0.005892000000,  -1.24000,
,,,0.005894000000,  -1.24000,
,,,0.005896000000,  -1.24000,
,,,0.005898000000,  -1.24000,
,,,0.005900000000,  -1.24000,
,,,0.005902000000,  -1.28000,
,,,0.005904000000,  -1.24000,
,,,0.005906000000,  -1.28000,
,,,0.005908000000,  -1.28000,
,,,0.005910000000,  -1.28000,
,,,0.005912000000,  -1.28000,
,,,0.005914000000,  -1.28000,
,,,0.005916000000,  -1.28000,
,,,0.005918000000,  -1.28000,
,,,0.005920000000,  -1.28000,
,,,0.005922000000,  -1.32000,
,,,0.005924000000,  -1.32000,
,,,0.005926000000,  -1.32000,
,,,0.005928000000,  -1.32000,
,,,0.005930000000,  -1.32000,
,,,0.005932000000,  -1.32000,
,,,0.005934000000,  -1.32000,
,,,0.005936000000,  -1.32000,
,,,0.005938000000,  -1.32000,
,,,0.005940000000,  -1.36000,
,,,0.005942000000,  -1.36000,
,,,0.005944000000,  -1.36000,
,,,0.005946000000,  -1.36000,
,,,0.005948000000,  -1.36000,
,,,0.005950000000,  -1.36000,
,,,0.005952000000,  -1.36000,
,,,0.005954000000,  -1.36000,
,,,0.005956000000,  -1.36000,
,,,0.005958000000,  -1.36000,
,,,0.005960000000,  -1.40000,
,,,0.005962000000,  -1.40000,
,,,0.005964000000,  -1.40000,
,,,0.005966000000,  -1.40000,
,,,0.005968000000,  -1.40000,
,,,0.005970000000,  -1.40000,
,,,0.005972000000,  -1.40000,
,,,0.005974000000,  -1.40000,
,,,0.005976000000,  -1.40000,
,,,0.005978000000,  -1.44000,
,,,0.005980000000,  -1.44000,
,,,0.005982000000,  -1.44000,
,,,0.005984000000,  -1.44000,
,,,0.005986000000,  -1.44000,
,,,0.005988000000,  -1.44000,
,,,0.005990000000,  -1.44000,
,,,0.005992000000,  -1.44000,
,,,0.005994000000,  -1.44000,
,,,0.005996000000,  -1.44000,
,,,0.005998000000,  -1.48000,
,,,0.006000000000,  -1.48000,
,,,0.006002000000,  -1.48000,
,,,0.006004000000,  -1.48000,
,,,0.006006000000,  -1.48000,
,,,0.006008000000,  -1.48000,
,,,0.006010000000,  -1.48000,
,,,0.006012000000,  -1.48000,
,,,0.006014000000,  -1.48000,
,,,0.006016000000,  -1.48000,
,,,0.006018000000,  -1.48000,
,,,0.006020000000,  -1.52000,
,,,0.006022000000,  -1.48000,
,,,0.006024000000,  -1.48000,
,,,0.006026000000,  -1.48000,
,,,0.006028000000,  -1.48000,
,,,0.006030000000,  -1.52000,
,,,0.006032000000,  -1.52000,
,,,0.006034000000,  -1.52000,
,,,0.006036000000,  -1.52000,
,,,0.006038000000,  -1.52000,
,,,0.006040000000,  -1.52000,
,,,0.006042000000,  -1.52000,
,,,0.006044000000,  -1.52000,
,,,0.006046000000,  -1.52000,
,,,0.006048000000,  -1.52000,
,,,0.006050000000,  -1.52000,
,,,0.006052000000,  -1.52000,
,,,0.006054000000,  -1.52000,
,,,0.006056000000,  -1.52000,
,,,0.006058000000,  -1.56000,
,,,0.006060000000,  -1.56000,
,,,0.006062000000,  -1.56000,
,,,0.006064000000,  -1.56000,
,,,0.006066000000,  -1.56000,
,,,0.006068000000,  -1.56000,
,,,0.006070000000,  -1.56000,
,,,0.006072000000,  -1.56000,
,,,0.006074000000,  -1.56000,
,,,0.006076000000,  -1.56000,
,,,0.006078000000,  -1.56000,
,,,0.006080000000,  -1.56000,
,,,0.006082000000,  -1.56000,
,,,0.006084000000,  -1.56000,
,,,0.006086000000,  -1.56000,
,,,0.006088000000,  -1.56000,
,,,0.006090000000,  -1.56000,
,,,0.006092000000,  -1.56000,
,,,0.006094000000,  -1.56000,
,,,0.006096000000,  -1.56000,
,,,0.006098000000,  -1.56000,
,,,0.006100000000,  -1.56000,
,,,0.006102000000,  -1.56000,
,,,0.006104000000,  -1.60000,
,,,0.006106000000,  -1.56000,
,,,0.006108000000,  -1.56000,
,,,0.006110000000,  -1.56000,
,,,0.006112000000,  -1.56000,
,,,0.006114000000,  -1.56000,
,,,0.006116000000,  -1.60000,
,,,0.006118000000,  -1.60000,
,,,0.006120000000,  -1.60000,
,,,0.006122000000,  -1.60000,
,,,0.006124000000,  -1.60000,
,,,0.006126000000,  -1.60000,
,,,0.006128000000,  -1.60000,
,,,0.006130000000,  -1.60000,
,,,0.006132000000,  -1.60000,
,,,0.006134000000,  -1.60000,
,,,0.006136000000,  -1.60000,
,,,0.006138000000,  -1.60000,
,,,0.006140000000,  -1.60000,
,,,0.006142000000,  -1.60000,
,,,0.006144000000,  -1.60000,
,,,0.006146000000,  -1.60000,
,,,0.006148000000,  -1.60000,
,,,0.006150000000,  -1.60000,
,,,0.006152000000,  -1.60000,
,,,0.006154000000,  -1.60000,
,,,0.006156000000,  -1.60000,
,,,0.006158000000,  -1.60000,
,,,0.006160000000,  -1.60000,
,,,0.006162000000,  -1.60000,
,,,0.006164000000,  -1.60000,
,,,0.006166000000,  -1.60000,
,,,0.006168000000,  -1.60000,
,,,0.006170000000,  -1.60000,
,,,0.006172000000,  -1.60000,
,,,0.006174000000,  -1.60000,
,,,0.006176000000,  -1.60000,
,,,0.006178000000,  -1.60000,
,,,0.006180000000,  -1.60000,
,,,0.006182000000,  -1.60000,
,,,0.006184000000,  -1.60000,
,,,0.006186000000,  -1.60000,
,,,0.006188000000,  -1.56000,
,,,0.006190000000,  -1.56000,
,,,0.006192000000,  -1.56000,
,,,0.006194000000,  -1.56000,
,,,0.006196000000,  -1.56000,
,,,0.006198000000,  -1.56000,
,,,0.006200000000,  -1.56000,
,,,0.006202000000,  -1.56000,
,,,0.006204000000,  -1.56000,
,,,0.006206000000,  -1.56000,
,,,0.006208000000,  -1.56000,
,,,0.006210000000,  -1.56000,
,,,0.006212000000,  -1.56000,
,,,0.006214000000,  -1.56000,
,,,0.006216000000,  -1.56000,
,,,0.006218000000,  -1.56000,
,,,0.006220000000,  -1.56000,
,,,0.006222000000,  -1.56000,
,,,0.006224000000,  -1.56000,
,,,0.006226000000,  -1.56000,
,,,0.006228000000,  -1.56000,
,,,0.006230000000,  -1.56000,
,,,0.006232000000,  -1.52000,
,,,0.006234000000,  -1.52000,
,,,0.006236000000,  -1.52000,
,,,0.006238000000,  -1.52000,
,,,0.006240000000,  -1.52000,
,,,0.006242000000,  -1.52000,
,,,0.006244000000,  -1.52000,
,,,0.006246000000,  -1.52000,
,,,0.006248000000,  -1.52000,
,,,0.006250000000,  -1.52000,
,,,0.006252000000,  -1.52000,
,,,0.006254000000,  -1.52000,
,,,0.006256000000,  -1.52000,
,,,0.006258000000,  -1.52000,
,,,0.006260000000,  -1.52000,
,,,0.006262000000,  -1.52000,
,,,0.006264000000,  -1.52000,
,,,0.006266000000,  -1.52000,
,,,0.006268000000,  -1.52000,
,,,0.006270000000,  -1.48000,
,,,0.006272000000,  -1.48000,
,,,0.006274000000,  -1.48000,
,,,0.006276000000,  -1.48000,
,,,0.006278000000,  -1.48000,
,,,0.006280000000,  -1.48000,
,,,0.006282000000,  -1.48000,
,,,0.006284000000,  -1.48000,
,,,0.006286000000,  -1.48000,
,,,0.006288000000,  -1.48000,
,,,0.006290000000,  -1.44000,
,,,0.006292000000,  -1.44000,
,,,0.006294000000,  -1.44000,
,,,0.006296000000,  -1.44000,
,,,0.006298000000,  -1.44000,
,,,0.006300000000,  -1.44000,
,,,0.006302000000,  -1.44000,
,,,0.006304000000,  -1.44000,
,,,0.006306000000,  -1.44000,
,,,0.006308000000,  -1.44000,
,,,0.006310000000,  -1.44000,
,,,0.006312000000,  -1.40000,
,,,0.006314000000,  -1.40000,
,,,0.006316000000,  -1.40000,
,,,0.006318000000,  -1.40000,
,,,0.006320000000,  -1.40000,
,,,0.006322000000,  -1.40000,
,,,0.006324000000,  -1.40000,
,,,0.006326000000,  -1.40000,
,,,0.006328000000,  -1.40000,
,,,0.006330000000,  -1.40000,
,,,0.006332000000,  -1.36000,
,,,0.006334000000,  -1.36000,
,,,0.006336000000,  -1.36000,
,,,0.006338000000,  -1.36000,
,,,0.006340000000,  -1.36000,
,,,0.006342000000,  -1.36000,
,,,0.006344000000,  -1.36000,
,,,0.006346000000,  -1.36000,
,,,0.006348000000,  -1.36000,
,,,0.006350000000,  -1.36000,
,,,0.006352000000,  -1.36000,
,,,0.006354000000,  -1.32000,
,,,0.006356000000,  -1.32000,
,,,0.006358000000,  -1.32000,
,,,0.006360000000,  -1.32000,
,,,0.006362000000,  -1.32000,
,,,0.006364000000,  -1.32000,
,,,0.006366000000,  -1.32000,
,,,0.006368000000,  -1.32000,
,,,0.006370000000,  -1.32000,
,,,0.006372000000,  -1.28000,
,,,0.006374000000,  -1.28000,
,,,0.006376000000,  -1.28000,
,,,0.006378000000,  -1.28000,
,,,0.006380000000,  -1.28000,
,,,0.006382000000,  -1.28000,
,,,0.006384000000,  -1.28000,
,,,0.006386000000,  -1.28000,
,,,0.006388000000,  -1.28000,
,,,0.006390000000,  -1.28000,
,,,0.006392000000,  -1.24000,
,,,0.006394000000,  -1.24000,
,,,0.006396000000,  -1.24000,
,,,0.006398000000,  -1.24000,
,,,0.006400000000,  -1.24000,
,,,0.006402000000,  -1.24000,
,,,0.006404000000,  -1.24000,
,,,0.006406000000,  -1.24000,
,,,0.006408000000,  -1.24000,
,,,0.006410000000,  -1.20000,
,,,0.006412000000,  -1.20000,
,,,0.006414000000,  -1.20000,
,,,0.006416000000,  -1.20000,
,,,0.006418000000,  -1.20000,
,,,0.006420000000,  -1.20000,
,,,0.006422000000,  -1.20000,
,,,0.006424000000,  -1.20000,
,,,0.006426000000,  -1.20000,
,,,0.006428000000,  -1.20000,
,,,0.006430000000,  -1.16000,
,,,0.006432000000,  -1.16000,
,,,0.006434000000,  -1.16000,
,,,0.006436000000,  -1.16000,
,,,0.006438000000,  -1.16000,
,,,0.006440000000,  -1.16000,
,,,0.006442000000,  -1.16000,
,,,0.006444000000,  -1.16000,
,,,0.006446000000,  -1.16000,
,,,0.006448000000,  -1.16000,
,,,0.006450000000,  -1.12000,
,,,0.006452000000,  -1.12000,
,,,0.006454000000,  -1.12000,
,,,0.006456000000,  -1.12000,
,,,0.006458000000,  -1.12000,
,,,0.006460000000,  -1.12000,
,,,0.006462000000,  -1.12000,
,,,0.006464000000,  -1.12000,
,,,0.006466000000,  -1.12000,
,,,0.006468000000,  -1.08000,
,,,0.006470000000,  -1.08000,
,,,0.006472000000,  -1.08000,
,,,0.006474000000,  -1.08000,
,,,0.006476000000,  -1.08000,
,,,0.006478000000,  -1.08000,
,,,0.006480000000,  -1.04000,
,,,0.006482000000,  -1.04000,
,,,0.006484000000,  -1.04000,
,,,0.006486000000,  -1.08000,
,,,0.006488000000,  -1.04000,
,,,0.006490000000,  -1.04000,
,,,0.006492000000,  -1.04000,
,,,0.006494000000,  -1.04000,
,,,0.006496000000,  -1.00000,
,,,0.006498000000,  -1.00000,
,,,0.006500000000,  -1.00000,
,,,0.006502000000,  -1.00000,
,,,0.006504000000,  -1.00000,
,,,0.006506000000,  -1.00000,
,,,0.006508000000,  -1.00000,
,,,0.006510000000,  -1.00000,
,,,0.006512000000,  -1.00000,
,,,0.006514000000,  -0.96000,
,,,0.006516000000,  -0.96000,
,,,0.006518000000,  -0.96000,
,,,0.006520000000,  -0.96000,
,,,0.006522000000,  -0.96000,
,,,0.006524000000,  -0.96000,
,,,0.006526000000,  -0.96000,
,,,0.006528000000,  -0.96000,
,,,0.006530000000,  -0.96000,
,,,0.006532000000,  -0.96000,
,,,0.006534000000,  -0.92000,
,,,0.006536000000,  -0.92000,
,,,0.006538000000,  -0.92000,
,,,0.006540000000,  -0.92000,
,,,0.006542000000,  -0.92000,
,,,0.006544000000,  -0.92000,
,,,0.006546000000,  -0.92000,
,,,0.006548000000,  -0.92000,
,,,0.006550000000,  -0.92000,
,,,0.006552000000,  -0.92000,
,,,0.006554000000,  -0.92000,
,,,0.006556000000,  -0.92000,
,,,0.006558000000,  -0.88000,
,,,0.006560000000,  -0.88000,
,,,0.006562000000,  -0.88000,
,,,0.006564000000,  -0.88000,
,,,0.006566000000,  -0.88000,
,,,0.006568000000,  -0.88000,
,,,0.006570000000,  -0.88000,
,,,0.006572000000,  -0.88000,
,,,0.006574000000,  -0.88000,
,,,0.006576000000,  -0.88000,
,,,0.006578000000,  -0.88000,
,,,0.006580000000,  -0.84000,
,,,0.006582000000,  -0.84000,
,,,0.006584000000,  -0.84000,
,,,0.006586000000,  -0.84000,
,,,0.006588000000,  -0.84000,
,,,0.006590000000,  -0.84000,
,,,0.006592000000,  -0.84000,
,,,0.006594000000,  -0.84000,
,,,0.006596000000,  -0.84000,
,,,0.006598000000,  -0.80000,
,,,0.006600000000,  -0.80000,
,,,0.006602000000,  -0.80000,
,,,0.006604000000,  -0.80000,
,,,0.006606000000,  -0.80000,
,,,0.006608000000,  -0.80000,
,,,0.006610000000,  -0.80000,
,,,0.006612000000,  -0.80000,
,,,0.006614000000,  -0.80000,
,,,0.006616000000,  -0.80000,
,,,0.006618000000,  -0.76000,
,,,0.006620000000,  -0.80000,
,,,0.006622000000,  -0.76000,
,,,0.006624000000,  -0.76000,
,,,0.006626000000,  -0.76000,
,,,0.006628000000,  -0.76000,
,,,0.006630000000,  -0.76000,
,,,0.006632000000,  -0.76000,
,,,0.006634000000,  -0.76000,
,,,0.006636000000,  -0.76000,
,,,0.006638000000,  -0.76000,
,,,0.006640000000,  -0.72000,
,,,0.006642000000,  -0.72000,
,,,0.006644000000,  -0.72000,
,,,0.006646000000,  -0.72000,
,,,0.006648000000,  -0.72000,
,,,0.006650000000,  -0.72000,
,,,0.006652000000,  -0.72000,
,,,0.006654000000,  -0.72000,
,,,0.006656000000,  -0.72000,
,,,0.006658000000,  -0.72000,
,,,0.006660000000,  -0.68000,
,,,0.006662000000,  -0.68000,
,,,0.006664000000,  -0.68000,
,,,0.006666000000,  -0.68000,
,,,0.006668000000,  -0.68000,
,,,0.006670000000,  -0.68000,
,,,0.006672000000,  -0.68000,
,,,0.006674000000,  -0.68000,
,,,0.006676000000,  -0.68000,
,,,0.006678000000,  -0.64000,
,,,0.006680000000,  -0.64000,
,,,0.006682000000,  -0.64000,
,,,0.006684000000,  -0.64000,
,,,0.006686000000,  -0.64000,
,,,0.006688000000,  -0.64000,
,,,0.006690000000,  -0.64000,
,,,0.006692000000,  -0.64000,
,,,0.006694000000,  -0.64000,
,,,0.006696000000,  -0.64000,
,,,0.006698000000,  -0.64000,
,,,0.006700000000,  -0.60000,
,,,0.006702000000,  -0.60000,
,,,0.006704000000,  -0.60000,
,,,0.006706000000,  -0.64000,
,,,0.006708000000,  -0.60000,
,,,0.006710000000,  -0.60000,
,,,0.006712000000,  -0.60000,
,,,0.006714000000,  -0.60000,
,,,0.006716000000,  -0.60000,
,,,0.006718000000,  -0.60000,
,,,0.006720000000,  -0.60000,
,,,0.006722000000,  -0.56000,
,,,0.006724000000,  -0.60000,
,,,0.006726000000,  -0.60000,
,,,0.006728000000,  -0.60000,
,,,0.006730000000,  -0.60000,
,,,0.006732000000,  -0.56000,
,,,0.006734000000,  -0.56000,
,,,0.006736000000,  -0.56000,
,,,0.006738000000,  -0.56000,
,,,0.006740000000,  -0.56000,
,,,0.006742000000,  -0.56000,
,,,0.006744000000,  -0.56000,
,,,0.006746000000,  -0.56000,
,,,0.006748000000,  -0.56000,
,,,0.006750000000,  -0.56000,
,,,0.006752000000,  -0.56000,
,,,0.006754000000,  -0.56000,
,,,0.006756000000,  -0.56000,
,,,0.006758000000,  -0.56000,
,,,0.006760000000,  -0.56000,
,,,0.006762000000,  -0.52000,
,,,0.006764000000,  -0.52000,
,,,0.006766000000,  -0.52000,
,,,0.006768000000,  -0.52000,
,,,0.006770000000,  -0.56000,
,,,0.006772000000,  -0.52000,
,,,0.006774000000,  -0.52000,
,,,0.006776000000,  -0.52000,
,,,0.006778000000,  -0.52000,
,,,0.006780000000,  -0.52000,
,,,0.006782000000,  -0.52000,
,,,0.006784000000,  -0.52000,
,,,0.006786000000,  -0.52000,
,,,0.006788000000,  -0.52000,
,,,0.006790000000,  -0.52000,
,,,0.006792000000,  -0.52000,
,,,0.006794000000,  -0.52000,
,,,0.006796000000,  -0.48000,
,,,0.006798000000,  -0.48000,
,,,0.006800000000,  -0.48000,
,,,0.006802000000,  -0.48000,
,,,0.006804000000,  -0.48000,
,,,0.006806000000,  -0.48000,
,,,0.006808000000,  -0.48000,
,,,0.006810000000,  -0.48000,
,,,0.006812000000,  -0.48000,
,,,0.006814000000,  -0.48000,
,,,0.006816000000,  -0.48000,
,,,0.006818000000,  -0.48000,
,,,0.006820000000,  -0.48000,
,,,0.006822000000,  -0.48000,
,,,0.006824000000,  -0.44000,
,,,0.006826000000,  -0.48000,
,,,0.006828000000,  -0.48000,
,,,0.006830000000,  -0.48000,
,,,0.006832000000,  -0.48000,
,,,0.006834000000,  -0.44000,
,,,0.006836000000,  -0.44000,
,,,0.006838000000,  -0.44000,
,,,0.006840000000,  -0.44000,
,,,0.006842000000,  -0.44000,
,,,0.006844000000,  -0.44000,
,,,0.006846000000,  -0.44000,
,,,0.006848000000,  -0.44000,
,,,0.006850000000,  -0.44000,
,,,0.006852000000,  -0.44000,
,,,0.006854000000,  -0.44000,
,,,0.006856000000,  -0.44000,
,,,0.006858000000,  -0.44000,
,,,0.006860000000,  -0.40000,
,,,0.006862000000,  -0.40000,
,,,0.006864000000,  -0.40000,
,,,0.006866000000,  -0.40000,
,,,0.006868000000,  -0.40000,
,,,0.006870000000,  -0.40000,
,,,0.006872000000,  -0.40000,
,,,0.006874000000,  -0.40000,
,,,0.006876000000,  -0.40000,
,,,0.006878000000,  -0.40000,
,,,0.006880000000,  -0.40000,
,,,0.006882000000,  -0.40000,
,,,0.006884000000,  -0.40000,
,,,0.006886000000,  -0.40000,
,,,0.006888000000,  -0.40000,
,,,0.006890000000,  -0.40000,
,,,0.006892000000,  -0.40000,
,,,0.006894000000,  -0.40000,
,,,0.006896000000,  -0.36000,
,,,0.006898000000,  -0.36000,
,,,0.006900000000,  -0.36000,
,,,0.006902000000,  -0.36000,
,,,0.006904000000,  -0.36000,
,,,0.006906000000,  -0.36000,
,,,0.006908000000,  -0.36000,
,,,0.006910000000,  -0.36000,
,,,0.006912000000,  -0.36000,
,,,0.006914000000,  -0.36000,
,,,0.006916000000,  -0.36000,
,,,0.006918000000,  -0.36000,
,,,0.006920000000,  -0.36000,
,,,0.006922000000,  -0.36000,
,,,0.006924000000,  -0.32000,
,,,0.006926000000,  -0.32000,
,,,0.006928000000,  -0.36000,
,,,0.006930000000,  -0.36000,
,,,0.006932000000,  -0.36000,
,,,0.006934000000,  -0.32000,
,,,0.006936000000,  -0.32000,
,,,0.006938000000,  -0.32000,
,,,0.006940000000,  -0.32000,
,,,0.006942000000,  -0.32000,
,,,0.006944000000,  -0.32000,
,,,0.006946000000,  -0.32000,
,,,0.006948000000,  -0.32000,
,,,0.006950000000,  -0.32000,
,,,0.006952000000,  -0.32000,
,,,0.006954000000,  -0.32000,
,,,0.006956000000,  -0.32000,
,,,0.006958000000,  -0.32000,
,,,0.006960000000,  -0.28000,
,,,0.006962000000,  -0.28000,
,,,0.006964000000,  -0.28000,
,,,0.006966000000,  -0.28000,
,,,0.006968000000,  -0.28000,
,,,0.006970000000,  -0.28000,
,,,0.006972000000,  -0.28000,
,,,0.006974000000,  -0.28000,
,,,0.006976000000,  -0.28000,
,,,0.006978000000,  -0.28000,
,,,0.006980000000,  -0.28000,
,,,0.006982000000,  -0.28000,
,,,0.006984000000,  -0.28000,
,,,0.006986000000,  -0.28000,
,,,0.006988000000,  -0.28000,
,,,0.006990000000,  -0.28000,
,,,0.006992000000,  -0.28000,
,,,0.006994000000,  -0.28000,
,,,0.006996000000,  -0.28000,
,,,0.006998000000,  -0.24000,
,,,0.007000000000,  -0.24000,
,,,0.007002000000,  -0.24000,
,,,0.007004000000,  -0.24000,
,,,0.007006000000,  -0.24000,
,,,0.007008000000,  -0.24000,
,,,0.007010000000,  -0.24000,
,,,0.007012000000,  -0.24000,
,,,0.007014000000,  -0.24000,
,,,0.007016000000,  -0.24000,
,,,0.007018000000,  -0.24000,
,,,0.007020000000,  -0.24000,
,,,0.007022000000,  -0.24000,
,,,0.007024000000,  -0.24000,
,,,0.007026000000,  -0.24000,
,,,0.007028000000,  -0.24000,
,,,0.007030000000,  -0.20000,
,,,0.007032000000,  -0.24000,
,,,0.007034000000,  -0.24000,
,,,0.007036000000,  -0.20000,
,,,0.007038000000,  -0.20000,
,,,0.007040000000,  -0.20000,
,,,0.007042000000,  -0.20000,
,,,0.007044000000,  -0.20000,
,,,0.007046000000,  -0.20000,
,,,0.007048000000,  -0.20000,
,,,0.007050000000,  -0.20000,
,,,0.007052000000,  -0.20000,
,,,0.007054000000,  -0.20000,
,,,0.007056000000,  -0.20000,
,,,0.007058000000,  -0.20000,
,,,0.007060000000,  -0.20000,
,,,0.007062000000,  -0.20000,
,,,0.007064000000,  -0.20000,
,,,0.007066000000,  -0.20000,
,,,0.007068000000,  -0.20000,
,,,0.007070000000,  -0.20000,
,,,0.007072000000,  -0.20000,
,,,0.007074000000,  -0.20000,
,,,0.007076000000,  -0.20000,
,,,0.007078000000,  -0.20000,
,,,0.007080000000,  -0.16000,
,,,0.007082000000,  -0.16000,
,,,0.007084000000,  -0.16000,
,,,0.007086000000,  -0.16000,
,,,0.007088000000,  -0.16000,
,,,0.007090000000,  -0.16000,
,,,0.007092000000,  -0.20000,
,,,0.007094000000,  -0.16000,
,,,0.007096000000,  -0.16000,
,,,0.007098000000,  -0.16000,
,,,0.007100000000,  -0.16000,
,,,0.007102000000,  -0.16000,
,,,0.007104000000,  -0.16000,
,,,0.007106000000,  -0.16000,
,,,0.007108000000,  -0.16000,
,,,0.007110000000,  -0.16000,
,,,0.007112000000,  -0.16000,
,,,0.007114000000,  -0.16000,
,,,0.007116000000,  -0.16000,
,,,0.007118000000,  -0.16000,
,,,0.007120000000,  -0.16000,
,,,0.007122000000,  -0.16000,
,,,0.007124000000,  -0.16000,
,,,0.007126000000,  -0.16000,
,,,0.007128000000,  -0.16000,
,,,0.007130000000,  -0.16000,
,,,0.007132000000,  -0.16000,
,,,0.007134000000,  -0.16000,
,,,0.007136000000,  -0.16000,
,,,0.007138000000,  -0.16000,
,,,0.007140000000,  -0.16000,
,,,0.007142000000,  -0.12000,
,,,0.007144000000,  -0.12000,
,,,0.007146000000,  -0.12000,
,,,0.007148000000,  -0.12000,
,,,0.007150000000,  -0.12000,
,,,0.007152000000,  -0.12000,
,,,0.007154000000,  -0.12000,
,,,0.007156000000,  -0.12000,
,,,0.007158000000,  -0.12000,
,,,0.007160000000,  -0.12000,
,,,0.007162000000,  -0.12000,
,,,0.007164000000,  -0.12000,
,,,0.007166000000,  -0.12000,
,,,0.007168000000,  -0.12000,
,,,0.007170000000,  -0.12000,
,,,0.007172000000,  -0.12000,
,,,0.007174000000,  -0.12000,
,,,0.007176000000,  -0.12000,
,,,0.007178000000,  -0.12000,
,,,0.007180000000,  -0.12000,
,,,0.007182000000,  -0.12000,
,,,0.007184000000,  -0.12000,
,,,0.007186000000,  -0.12000,
,,,0.007188000000,  -0.12000,
,,,0.007190000000,  -0.12000,
,,,0.007192000000,  -0.12000,
,,,0.007194000000,  -0.12000,
,,,0.007196000000,  -0.12000,
,,,0.007198000000,  -0.12000,
,,,0.007200000000,  -0.12000,
,,,0.007202000000,  -0.08000,
,,,0.007204000000,  -0.12000,
,,,0.007206000000,  -0.08000,
,,,0.007208000000,  -0.08000,
,,,0.007210000000,  -0.08000,
,,,0.007212000000,  -0.08000,
,,,0.007214000000,  -0.08000,
,,,0.007216000000,  -0.08000,
,,,0.007218000000,  -0.08000,
,,,0.007220000000,  -0.08000,
,,,0.007222000000,  -0.08000,
,,,0.007224000000,  -0.08000,
,,,0.007226000000,  -0.08000,
,,,0.007228000000,  -0.08000,
,,,0.007230000000,  -0.08000,
,,,0.007232000000,  -0.08000,
,,,0.007234000000,  -0.08000,
,,,0.007236000000,  -0.08000,
,,,0.007238000000,  -0.08000,
,,,0.007240000000,  -0.08000,
,,,0.007242000000,  -0.08000,
,,,0.007244000000,  -0.08000,
,,,0.007246000000,  -0.08000,
,,,0.007248000000,  -0.08000,
,,,0.007250000000,  -0.08000,
,,,0.007252000000,  -0.08000,
,,,0.007254000000,  -0.08000,
,,,0.007256000000,  -0.08000,
,,,0.007258000000,  -0.08000,
,,,0.007260000000,  -0.08000,
,,,0.007262000000,  -0.08000,
,,,0.007264000000,  -0.08000,
,,,0.007266000000,  -0.04000,
,,,0.007268000000,  -0.04000,
,,,0.007270000000,  -0.08000,
,,,0.007272000000,  -0.04000,
,,,0.007274000000,  -0.08000,
,,,0.007276000000,  -0.08000,
,,,0.007278000000,  -0.08000,
,,,0.007280000000,  -0.04000,
,,,0.007282000000,  -0.04000,
,,,0.007284000000,  -0.04000,
,,,0.007286000000,  -0.04000,
,,,0.007288000000,  -0.04000,
,,,0.007290000000,  -0.04000,
,,,0.007292000000,  -0.04000,
,,,0.007294000000,  -0.04000,
,,,0.007296000000,  -0.04000,
,,,0.007298000000,  -0.04000,
,,,0.007300000000,  -0.04000,
,,,0.007302000000,  -0.04000,
,,,0.007304000000,  -0.04000,
,,,0.007306000000,  -0.04000,
,,,0.007308000000,  -0.04000,
,,,0.007310000000,  -0.04000,
,,,0.007312000000,  -0.04000,
,,,0.007314000000,  -0.04000,
,,,0.007316000000,  -0.04000,
,,,0.007318000000,  -0.04000,
,,,0.007320000000,  -0.04000,
,,,0.007322000000,  -0.04000,
,,,0.007324000000,  -0.04000,
,,,0.007326000000,  -0.04000,
,,,0.007328000000,  -0.04000,
,,,0.007330000000,  -0.04000,
,,,0.007332000000,  -0.04000,
,,,0.007334000000,  -0.04000,
,,,0.007336000000,  -0.04000,
,,,0.007338000000,  -0.04000,
,,,0.007340000000,  -0.04000,
,,,0.007342000000,  -0.04000,
,,,0.007344000000,   0.00000,
,,,0.007346000000,   0.00000,
,,,0.007348000000,   0.00000,
,,,0.007350000000,   0.00000,
,,,0.007352000000,   0.00000,
,,,0.007354000000,  -0.04000,
,,,0.007356000000,   0.00000,
,,,0.007358000000,  -0.04000,
,,,0.007360000000,  -0.04000,
,,,0.007362000000,   0.00000,
,,,0.007364000000,   0.00000,
,,,0.007366000000,   0.00000,
,,,0.007368000000,   0.00000,
,,,0.007370000000,   0.00000,
,,,0.007372000000,   0.00000,
,,,0.007374000000,   0.00000,
,,,0.007376000000,   0.00000,
,,,0.007378000000,   0.00000,
,,,0.007380000000,   0.00000,
,,,0.007382000000,   0.00000,
,,,0.007384000000,   0.00000,
,,,0.007386000000,   0.00000,
,,,0.007388000000,   0.00000,
,,,0.007390000000,   0.00000,
,,,0.007392000000,   0.00000,
,,,0.007394000000,   0.00000,
,,,0.007396000000,   0.00000,
,,,0.007398000000,   0.00000,
,,,0.007400000000,   0.00000,
,,,0.007402000000,   0.00000,
,,,0.007404000000,   0.00000,
,,,0.007406000000,   0.00000,
,,,0.007408000000,   0.00000,
,,,0.007410000000,   0.00000,
,,,0.007412000000,   0.00000,
,,,0.007414000000,   0.00000,
,,,0.007416000000,   0.00000,
,,,0.007418000000,   0.00000,
,,,0.007420000000,   0.00000,
,,,0.007422000000,   0.00000,
,,,0.007424000000,   0.00000,
,,,0.007426000000,   0.00000,
,,,0.007428000000,   0.00000,
,,,0.007430000000,   0.04000,
,,,0.007432000000,   0.00000,
,,,0.007434000000,   0.00000,
,,,0.007436000000,   0.04000,
,,,0.007438000000,   0.00000,
,,,0.007440000000,   0.00000,
,,,0.007442000000,   0.00000,
,,,0.007444000000,   0.00000,
,,,0.007446000000,   0.04000,
,,,0.007448000000,   0.04000,
,,,0.007450000000,   0.04000,
,,,0.007452000000,   0.04000,
,,,0.007454000000,   0.04000,
,,,0.007456000000,   0.04000,
,,,0.007458000000,   0.04000,
,,,0.007460000000,   0.04000,
,,,0.007462000000,   0.04000,
,,,0.007464000000,   0.04000,
,,,0.007466000000,   0.04000,
,,,0.007468000000,   0.04000,
,,,0.007470000000,   0.04000,
,,,0.007472000000,   0.04000,
,,,0.007474000000,   0.04000,
,,,0.007476000000,   0.04000,
,,,0.007478000000,   0.04000,
,,,0.007480000000,   0.04000,
,,,0.007482000000,   0.04000,
,,,0.007484000000,   0.04000,
,,,0.007486000000,   0.04000,
,,,0.007488000000,   0.04000,
,,,0.007490000000,   0.04000,
,,,0.007492000000,   0.04000,
,,,0.007494000000,   0.04000,
,,,0.007496000000,   0.04000,
,,,0.007498000000,   0.04000,
,,,0.007500000000,   0.04000,
,,,0.007502000000,   0.04000,
,,,0.007504000000,   0.04000,
,,,0.007506000000,   0.04000,
,,,0.007508000000,   0.04000,
,,,0.007510000000,   0.08000,
,,,0.007512000000,   0.04000,
,,,0.007514000000,   0.04000,
,,,0.007516000000,   0.04000,
,,,0.007518000000,   0.04000,
,,,0.007520000000,   0.04000,
,,,0.007522000000,   0.04000,
,,,0.007524000000,   0.04000,
,,,0.007526000000,   0.08000,
,,,0.007528000000,   0.08000,
,,,0.007530000000,   0.08000,
,,,0.007532000000,   0.08000,
,,,0.007534000000,   0.08000,
,,,0.007536000000,   0.08000,
,,,0.007538000000,   0.08000,
,,,0.007540000000,   0.08000,
,,,0.007542000000,   0.08000,
,,,0.007544000000,   0.08000,
,,,0.007546000000,   0.08000,
,,,0.007548000000,   0.08000,
,,,0.007550000000,   0.08000,
,,,0.007552000000,   0.08000,
,,,0.007554000000,   0.08000,
,,,0.007556000000,   0.08000,
,,,0.007558000000,   0.08000,
,,,0.007560000000,   0.08000,
,,,0.007562000000,   0.08000,
,,,0.007564000000,   0.08000,
,,,0.007566000000,   0.08000,
,,,0.007568000000,   0.08000,
,,,0.007570000000,   0.08000,
,,,0.007572000000,   0.08000,
,,,0.007574000000,   0.08000,
,,,0.007576000000,   0.08000,
,,,0.007578000000,   0.08000,
,,,0.007580000000,   0.08000,
,,,0.007582000000,   0.08000,
,,,0.007584000000,   0.08000,
,,,0.007586000000,   0.08000,
,,,0.007588000000,   0.08000,
,,,0.007590000000,   0.08000,
,,,0.007592000000,   0.08000,
,,,0.007594000000,   0.08000,
,,,0.007596000000,   0.08000,
,,,0.007598000000,   0.08000,
,,,0.007600000000,   0.08000,
,,,0.007602000000,   0.08000,
,,,0.007604000000,   0.08000,
,,,0.007606000000,   0.08000,
,,,0.007608000000,   0.08000,
,,,0.007610000000,   0.08000,
,,,0.007612000000,   0.08000,
,,,0.007614000000,   0.08000,
,,,0.007616000000,   0.08000,
,,,0.007618000000,   0.08000,
,,,0.007620000000,   0.08000,
,,,0.007622000000,   0.08000,
,,,0.007624000000,   0.08000,
,,,0.007626000000,   0.08000,
,,,0.007628000000,   0.12000,
,,,0.007630000000,   0.08000,
,,,0.007632000000,   0.12000,
,,,0.007634000000,   0.12000,
,,,0.007636000000,   0.08000,
,,,0.007638000000,   0.08000,
,,,0.007640000000,   0.08000,
,,,0.007642000000,   0.08000,
,,,0.007644000000,   0.08000,
,,,0.007646000000,   0.12000,
,,,0.007648000000,   0.12000,
,,,0.007650000000,   0.12000,
,,,0.007652000000,   0.12000,
,,,0.007654000000,   0.12000,
,,,0.007656000000,   0.12000,
,,,0.007658000000,   0.12000,
,,,0.007660000000,   0.12000,
,,,0.007662000000,   0.12000,
,,,0.007664000000,   0.12000,
,,,0.007666000000,   0.12000,
,,,0.007668000000,   0.12000,
,,,0.007670000000,   0.12000,
,,,0.007672000000,   0.12000,
,,,0.007674000000,   0.12000,
,,,0.007676000000,   0.12000,
,,,0.007678000000,   0.12000,
,,,0.007680000000,   0.12000,
,,,0.007682000000,   0.12000,
,,,0.007684000000,   0.12000,
,,,0.007686000000,   0.12000,
,,,0.007688000000,   0.12000,
,,,0.007690000000,   0.12000,
,,,0.007692000000,   0.12000,
,,,0.007694000000,   0.12000,
,,,0.007696000000,   0.12000,
,,,0.007698000000,   0.12000,
,,,0.007700000000,   0.12000,
,,,0.007702000000,   0.12000,
,,,0.007704000000,   0.12000,
,,,0.007706000000,   0.12000,
,,,0.007708000000,   0.12000,
,,,0.007710000000,   0.12000,
,,,0.007712000000,   0.12000,
,,,0.007714000000,   0.12000,
,,,0.007716000000,   0.12000,
,,,0.007718000000,   0.12000,
,,,0.007720000000,   0.12000,
,,,0.007722000000,   0.12000,
,,,0.007724000000,   0.12000,
,,,0.007726000000,   0.12000,
,,,0.007728000000,   0.16000,
,,,0.007730000000,   0.16000,
,,,0.007732000000,   0.16000,
,,,0.007734000000,   0.16000,
,,,0.007736000000,   0.12000,
,,,0.007738000000,   0.16000,
,,,0.007740000000,   0.12000,
,,,0.007742000000,   0.12000,
,,,0.007744000000,   0.16000,
,,,0.007746000000,   0.12000,
,,,0.007748000000,   0.12000,
,,,0.007750000000,   0.16000,
,,,0.007752000000,   0.16000,
,,,0.007754000000,   0.16000,
,,,0.007756000000,   0.16000,
,,,0.007758000000,   0.16000,
,,,0.007760000000,   0.16000,
,,,0.007762000000,   0.16000,
,,,0.007764000000,   0.12000,
,,,0.007766000000,   0.16000,
,,,0.007768000000,   0.16000,
,,,0.007770000000,   0.16000,
,,,0.007772000000,   0.16000,
,,,0.007774000000,   0.16000,
,,,0.007776000000,   0.16000,
,,,0.007778000000,   0.16000,
,,,0.007780000000,   0.16000,
,,,0.007782000000,   0.16000,
,,,0.007784000000,   0.16000,
,,,0.007786000000,   0.16000,
,,,0.007788000000,   0.16000,
,,,0.007790000000,   0.16000,
,,,0.007792000000,   0.16000,
,,,0.007794000000,   0.16000,
,,,0.007796000000,   0.16000,
,,,0.007798000000,   0.16000,
,,,0.007800000000,   0.16000,
,,,0.007802000000,   0.16000,
,,,0.007804000000,   0.16000,
,,,0.007806000000,   0.16000,
,,,0.007808000000,   0.16000,
,,,0.007810000000,   0.16000,
,,,0.007812000000,   0.16000,
,,,0.007814000000,   0.16000,
,,,0.007816000000,   0.16000,
,,,0.007818000000,   0.16000,
,,,0.007820000000,   0.16000,
,,,0.007822000000,   0.16000,
,,,0.007824000000,   0.16000,
,,,0.007826000000,   0.16000,
,,,0.007828000000,   0.16000,
,,,0.007830000000,   0.16000,
,,,0.007832000000,   0.16000,
,,,0.007834000000,   0.16000,
,,,0.007836000000,   0.16000,
,,,0.007838000000,   0.16000,
,,,0.007840000000,   0.16000,
,,,0.007842000000,   0.16000,
,,,0.007844000000,   0.16000,
,,,0.007846000000,   0.16000,
,,,0.007848000000,   0.16000,
,,,0.007850000000,   0.16000,
,,,0.007852000000,   0.16000,
,,,0.007854000000,   0.16000,
,,,0.007856000000,   0.16000,
,,,0.007858000000,   0.16000,
,,,0.007860000000,   0.16000,
,,,0.007862000000,   0.16000,
,,,0.007864000000,   0.16000,
,,,0.007866000000,   0.16000,
,,,0.007868000000,   0.16000,
,,,0.007870000000,   0.16000,
,,,0.007872000000,   0.16000,
,,,0.007874000000,   0.20000,
,,,0.007876000000,   0.16000,
,,,0.007878000000,   0.20000,
,,,0.007880000000,   0.16000,
,,,0.007882000000,   0.16000,
,,,0.007884000000,   0.16000,
,,,0.007886000000,   0.16000,
,,,0.007888000000,   0.16000,
,,,0.007890000000,   0.16000,
,,,0.007892000000,   0.20000,
,,,0.007894000000,   0.20000,
,,,0.007896000000,   0.20000,
,,,0.007898000000,   0.16000,
,,,0.007900000000,   0.20000,
,,,0.007902000000,   0.16000,
,,,0.007904000000,   0.20000,
,,,0.007906000000,   0.16000,
,,,0.007908000000,   0.16000,
,,,0.007910000000,   0.16000,
,,,0.007912000000,   0.20000,
,,,0.007914000000,   0.20000,
,,,0.007916000000,   0.20000,
,,,0.007918000000,   0.20000,
,,,0.007920000000,   0.16000,
,,,0.007922000000,   0.16000,
,,,0.007924000000,   0.16000,
,,,0.007926000000,   0.16000,
,,,0.007928000000,   0.20000,
,,,0.007930000000,   0.20000,
,,,0.007932000000,   0.20000,
,,,0.007934000000,   0.20000,
,,,0.007936000000,   0.20000,
,,,0.007938000000,   0.20000,
,,,0.007940000000,   0.20000,
,,,0.007942000000,   0.20000,
,,,0.007944000000,   0.20000,
,,,0.007946000000,   0.20000,
,,,0.007948000000,   0.20000,
,,,0.007950000000,   0.20000,
,,,0.007952000000,   0.20000,
,,,0.007954000000,   0.20000,
,,,0.007956000000,   0.20000,
,,,0.007958000000,   0.20000,
,,,0.007960000000,   0.20000,
,,,0.007962000000,   0.20000,
,,,0.007964000000,   0.20000,
,,,0.007966000000,   0.20000,
,,,0.007968000000,   0.20000,
,,,0.007970000000,   0.20000,
,,,0.007972000000,   0.20000,
,,,0.007974000000,   0.20000,
,,,0.007976000000,   0.20000,
,,,0.007978000000,   0.20000,
,,,0.007980000000,   0.20000,
,,,0.007982000000,   0.20000,
,,,0.007984000000,   0.20000,
,,,0.007986000000,   0.20000,
,,,0.007988000000,   0.20000,
,,,0.007990000000,   0.20000,
,,,0.007992000000,   0.20000,
,,,0.007994000000,   0.20000,
,,,0.007996000000,   0.20000,
,,,0.007998000000,   0.20000,
,,,0.008000000000,   0.20000,
,,,0.008002000000,   0.20000,
,,,0.008004000000,   0.20000,
,,,0.008006000000,   0.20000,
,,,0.008008000000,   0.20000,
,,,0.008010000000,   0.20000,
,,,0.008012000000,   0.20000,
,,,0.008014000000,   0.20000,
,,,0.008016000000,   0.20000,
,,,0.008018000000,   0.20000,
,,,0.008020000000,   0.20000,
,,,0.008022000000,   0.20000,
,,,0.008024000000,   0.20000,
,,,0.008026000000,   0.20000,
,,,0.008028000000,   0.20000,
,,,0.008030000000,   0.20000,
,,,0.008032000000,   0.20000,
,,,0.008034000000,   0.20000,
,,,0.008036000000,   0.20000,
,,,0.008038000000,   0.20000,
,,,0.008040000000,   0.20000,
,,,0.008042000000,   0.20000,
,,,0.008044000000,   0.20000,
,,,0.008046000000,   0.20000,
,,,0.008048000000,   0.20000,
,,,0.008050000000,   0.20000,
,,,0.008052000000,   0.20000,
,,,0.008054000000,   0.20000,
,,,0.008056000000,   0.20000,
,,,0.008058000000,   0.20000,
,,,0.008060000000,   0.20000,
,,,0.008062000000,   0.20000,
,,,0.008064000000,   0.20000,
,,,0.008066000000,   0.20000,
,,,0.008068000000,   0.20000,
,,,0.008070000000,   0.20000,
,,,0.008072000000,   0.20000,
,,,0.008074000000,   0.20000,
,,,0.008076000000,   0.20000,
,,,0.008078000000,   0.20000,
,,,0.008080000000,   0.20000,
,,,0.008082000000,   0.20000,
,,,0.008084000000,   0.20000,
,,,0.008086000000,   0.20000,
,,,0.008088000000,   0.20000,
,,,0.008090000000,   0.20000,
,,,0.008092000000,   0.20000,
,,,0.008094000000,   0.20000,
,,,0.008096000000,   0.20000,
,,,0.008098000000,   0.20000,
,,,0.008100000000,   0.20000,
,,,0.008102000000,   0.20000,
,,,0.008104000000,   0.20000,
,,,0.008106000000,   0.20000,
,,,0.008108000000,   0.20000,
,,,0.008110000000,   0.20000,
,,,0.008112000000,   0.20000,
,,,0.008114000000,   0.24000,
,,,0.008116000000,   0.24000,
,,,0.008118000000,   0.24000,
,,,0.008120000000,   0.24000,
,,,0.008122000000,   0.24000,
,,,0.008124000000,   0.20000,
,,,0.008126000000,   0.20000,
,,,0.008128000000,   0.20000,
,,,0.008130000000,   0.24000,
,,,0.008132000000,   0.20000,
,,,0.008134000000,   0.24000,
,,,0.008136000000,   0.24000,
,,,0.008138000000,   0.24000,
,,,0.008140000000,   0.24000,
,,,0.008142000000,   0.24000,
,,,0.008144000000,   0.24000,
,,,0.008146000000,   0.24000,
,,,0.008148000000,   0.24000,
,,,0.008150000000,   0.20000,
,,,0.008152000000,   0.20000,
,,,0.008154000000,   0.24000,
,,,0.008156000000,   0.24000,
,,,0.008158000000,   0.24000,
,,,0.008160000000,   0.24000,
,,,0.008162000000,   0.24000,
,,,0.008164000000,   0.24000,
,,,0.008166000000,   0.24000,
,,,0.008168000000,   0.20000,
,,,0.008170000000,   0.20000,
,,,0.008172000000,   0.24000,
,,,0.008174000000,   0.24000,
,,,0.008176000000,   0.24000,
,,,0.008178000000,   0.24000,
,,,0.008180000000,   0.24000,
,,,0.008182000000,   0.24000,
,,,0.008184000000,   0.24000,
,,,0.008186000000,   0.24000,
,,,0.008188000000,   0.24000,
,,,0.008190000000,   0.20000,
,,,0.008192000000,   0.24000,
,,,0.008194000000,   0.24000,
,,,0.008196000000,   0.24000,
,,,0.008198000000,   0.24000,
,,,0.008200000000,   0.24000,
,,,0.008202000000,   0.24000,
,,,0.008204000000,   0.24000,
,,,0.008206000000,   0.24000,
,,,0.008208000000,   0.24000,
,,,0.008210000000,   0.24000,
,,,0.008212000000,   0.24000,
,,,0.008214000000,   0.24000,
,,,0.008216000000,   0.24000,
,,,0.008218000000,   0.24000,
,,,0.008220000000,   0.24000,
,,,0.008222000000,   0.24000,
,,,0.008224000000,   0.24000,
,,,0.008226000000,   0.24000,
,,,0.008228000000,   0.24000,
,,,0.008230000000,   0.24000,
,,,0.008232000000,   0.24000,
,,,0.008234000000,   0.24000,
,,,0.008236000000,   0.24000,
,,,0.008238000000,   0.24000,
,,,0.008240000000,   0.24000,
,,,0.008242000000,   0.24000,
,,,0.008244000000,   0.24000,
,,,0.008246000000,   0.24000,
,,,0.008248000000,   0.24000,
,,,0.008250000000,   0.24000,
,,,0.008252000000,   0.24000,
,,,0.008254000000,   0.24000,
,,,0.008256000000,   0.24000,
,,,0.008258000000,   0.24000,
,,,0.008260000000,   0.24000,
,,,0.008262000000,   0.24000,
,,,0.008264000000,   0.24000,
,,,0.008266000000,   0.24000,
,,,0.008268000000,   0.24000,
,,,0.008270000000,   0.24000,
,,,0.008272000000,   0.24000,
,,,0.008274000000,   0.24000,
,,,0.008276000000,   0.24000,
,,,0.008278000000,   0.24000,
,,,0.008280000000,   0.24000,
,,,0.008282000000,   0.24000,
,,,0.008284000000,   0.24000,
,,,0.008286000000,   0.24000,
,,,0.008288000000,   0.24000,
,,,0.008290000000,   0.24000,
,,,0.008292000000,   0.24000,
,,,0.008294000000,   0.24000,
,,,0.008296000000,   0.24000,
,,,0.008298000000,   0.24000,
,,,0.008300000000,   0.24000,
,,,0.008302000000,   0.24000,
,,,0.008304000000,   0.24000,
,,,0.008306000000,   0.24000,
,,,0.008308000000,   0.24000,
,,,0.008310000000,   0.24000,
,,,0.008312000000,   0.24000,
,,,0.008314000000,   0.24000,
,,,0.008316000000,   0.24000,
,,,0.008318000000,   0.24000,
,,,0.008320000000,   0.24000,
,,,0.008322000000,   0.24000,
,,,0.008324000000,   0.24000,
,,,0.008326000000,   0.24000,
,,,0.008328000000,   0.24000,
,,,0.008330000000,   0.24000,
,,,0.008332000000,   0.24000,
,,,0.008334000000,   0.24000,
,,,0.008336000000,   0.24000,
,,,0.008338000000,   0.24000,
,,,0.008340000000,   0.24000,
,,,0.008342000000,   0.24000,
,,,0.008344000000,   0.24000,
,,,0.008346000000,   0.24000,
,,,0.008348000000,   0.24000,
,,,0.008350000000,   0.24000,
,,,0.008352000000,   0.24000,
,,,0.008354000000,   0.24000,
,,,0.008356000000,   0.24000,
,,,0.008358000000,   0.24000,
,,,0.008360000000,   0.24000,
,,,0.008362000000,   0.24000,
,,,0.008364000000,   0.24000,
,,,0.008366000000,   0.24000,
,,,0.008368000000,   0.24000,
,,,0.008370000000,   0.24000,
,,,0.008372000000,   0.24000,
,,,0.008374000000,   0.24000,
,,,0.008376000000,   0.24000,
,,,0.008378000000,   0.24000,
,,,0.008380000000,   0.24000,
,,,0.008382000000,   0.24000,
,,,0.008384000000,   0.28000,
,,,0.008386000000,   0.24000,
,,,0.008388000000,   0.24000,
,,,0.008390000000,   0.24000,
,,,0.008392000000,   0.24000,
,,,0.008394000000,   0.24000,
,,,0.008396000000,   0.24000,
,,,0.008398000000,   0.24000,
,,,0.008400000000,   0.24000,
,,,0.008402000000,   0.28000,
,,,0.008404000000,   0.28000,
,,,0.008406000000,   0.24000,
,,,0.008408000000,   0.28000,
,,,0.008410000000,   0.24000,
,,,0.008412000000,   0.24000,
,,,0.008414000000,   0.24000,
,,,0.008416000000,   0.24000,
,,,0.008418000000,   0.24000,
,,,0.008420000000,   0.28000,
,,,0.008422000000,   0.24000,
,,,0.008424000000,   0.24000,
,,,0.008426000000,   0.24000,
,,,0.008428000000,   0.24000,
,,,0.008430000000,   0.24000,
,,,0.008432000000,   0.24000,
,,,0.008434000000,   0.24000,
,,,0.008436000000,   0.24000,
,,,0.008438000000,   0.24000,
,,,0.008440000000,   0.24000,
,,,0.008442000000,   0.28000,
,,,0.008444000000,   0.24000,
,,,0.008446000000,   0.24000,
,,,0.008448000000,   0.24000,
,,,0.008450000000,   0.24000,
,,,0.008452000000,   0.24000,
,,,0.008454000000,   0.24000,
,,,0.008456000000,   0.24000,
,,,0.008458000000,   0.24000,
,,,0.008460000000,   0.24000,
,,,0.008462000000,   0.24000,
,,,0.008464000000,   0.24000,
,,,0.008466000000,   0.24000,
,,,0.008468000000,   0.24000,
,,,0.008470000000,   0.24000,
,,,0.008472000000,   0.24000,
,,,0.008474000000,   0.24000,
,,,0.008476000000,   0.24000,
,,,0.008478000000,   0.28000,
,,,0.008480000000,   0.24000,
,,,0.008482000000,   0.28000,
,,,0.008484000000,   0.28000,
,,,0.008486000000,   0.28000,
,,,0.008488000000,   0.28000,
,,,0.008490000000,   0.24000,
,,,0.008492000000,   0.24000,
,,,0.008494000000,   0.24000,
,,,0.008496000000,   0.24000,
,,,0.008498000000,   0.28000,
,,,0.008500000000,   0.28000,
,,,0.008502000000,   0.28000,
,,,0.008504000000,   0.28000,
,,,0.008506000000,   0.28000,
,,,0.008508000000,   0.28000,
,,,0.008510000000,   0.24000,
,,,0.008512000000,   0.24000,
,,,0.008514000000,   0.24000,
,,,0.008516000000,   0.24000,
,,,0.008518000000,   0.24000,
,,,0.008520000000,   0.24000,
,,,0.008522000000,   0.28000,
,,,0.008524000000,   0.28000,
,,,0.008526000000,   0.28000,
,,,0.008528000000,   0.28000,
,,,0.008530000000,   0.28000,
,,,0.008532000000,   0.24000,
,,,0.008534000000,   0.24000,
,,,0.008536000000,   0.24000,
,,,0.008538000000,   0.28000,
,,,0.008540000000,   0.28000,
,,,0.008542000000,   0.28000,
,,,0.008544000000,   0.28000,
,,,0.008546000000,   0.28000,
,,,0.008548000000,   0.28000,
,,,0.008550000000,   0.28000,
,,,0.008552000000,   0.24000,
,,,0.008554000000,   0.24000,
,,,0.008556000000,   0.24000,
,,,0.008558000000,   0.24000,
,,,0.008560000000,   0.28000,
,,,0.008562000000,   0.28000,
,,,0.008564000000,   0.28000,
,,,0.008566000000,   0.28000,
,,,0.008568000000,   0.28000,
,,,0.008570000000,   0.28000,
,,,0.008572000000,   0.28000,
,,,0.008574000000,   0.24000,
,,,0.008576000000,   0.24000,
,,,0.008578000000,   0.28000,
,,,0.008580000000,   0.28000,
,,,0.008582000000,   0.28000,
,,,0.008584000000,   0.28000,
,,,0.008586000000,   0.28000,
,,,0.008588000000,   0.28000,
,,,0.008590000000,   0.28000,
,,,0.008592000000,   0.28000,
,,,0.008594000000,   0.28000,
,,,0.008596000000,   0.24000,
,,,0.008598000000,   0.28000,
,,,0.008600000000,   0.28000,
,,,0.008602000000,   0.28000,
,,,0.008604000000,   0.28000,
,,,0.008606000000,   0.28000,
,,,0.008608000000,   0.28000,
,,,0.008610000000,   0.28000,
,,,0.008612000000,   0.28000,
,,,0.008614000000,   0.28000,
,,,0.008616000000,   0.28000,
,,,0.008618000000,   0.28000,
,,,0.008620000000,   0.28000,
,,,0.008622000000,   0.28000,
,,,0.008624000000,   0.28000,
,,,0.008626000000,   0.28000,
,,,0.008628000000,   0.28000,
,,,0.008630000000,   0.28000,
,,,0.008632000000,   0.28000,
,,,0.008634000000,   0.28000,
,,,0.008636000000,   0.28000,
,,,0.008638000000,   0.28000,
,,,0.008640000000,   0.28000,
,,,0.008642000000,   0.28000,
,,,0.008644000000,   0.28000,
,,,0.008646000000,   0.28000,
,,,0.008648000000,   0.28000,
,,,0.008650000000,   0.28000,
,,,0.008652000000,   0.28000,
,,,0.008654000000,   0.28000,
,,,0.008656000000,   0.28000,
,,,0.008658000000,   0.28000,
,,,0.008660000000,   0.28000,
,,,0.008662000000,   0.28000,
,,,0.008664000000,   0.28000,
,,,0.008666000000,   0.28000,
,,,0.008668000000,   0.28000,
,,,0.008670000000,   0.28000,
,,,0.008672000000,   0.28000,
,,,0.008674000000,   0.28000,
,,,0.008676000000,   0.28000,
,,,0.008678000000,   0.28000,
