X,Ambiente,Nitrogenio
0.003716,0.44,0.43999999999999995
0.003718,0.44,0.43999999999999995
0.00372,0.44,0.3999999999999999
0.003722,0.44,0.43999999999999995
0.003724,0.44,0.43999999999999995
0.003726,0.44,0.3999999999999999
0.003728,0.44,0.3999999999999999
0.00373,0.44,0.3999999999999999
0.003732,0.44,0.3999999999999999
0.003734,0.44,0.3999999999999999
0.003736,0.44,0.3999999999999999
0.003738,0.44,0.3999999999999999
0.00374,0.44,0.3999999999999999
0.003742,0.44,0.3999999999999999
0.003744,0.44,0.3999999999999999
0.003746,0.44,0.3999999999999999
0.003748,0.44,0.3999999999999999
0.00375,0.44,0.3999999999999999
0.003752,0.44,0.3999999999999999
0.003754,0.44,0.3999999999999999
0.003756,0.44,0.3999999999999999
0.003758,0.44,0.3999999999999999
0.00376,0.44,0.3999999999999999
0.003762,0.44,0.3999999999999999
0.003764,0.44,0.3999999999999999
0.003766,0.44,0.3999999999999999
0.003768,0.44,0.3999999999999999
0.00377,0.4,0.3999999999999999
0.003772,0.44,0.3999999999999999
0.003774,0.44,0.3999999999999999
0.003776,0.44,0.3999999999999999
0.003778,0.44,0.3999999999999999
0.00378,0.44,0.3999999999999999
0.003782,0.44,0.3999999999999999
0.003784,0.44,0.3999999999999999
0.003786,0.44,0.3999999999999999
0.003788,0.4,0.3999999999999999
0.00379,0.4,0.3999999999999999
0.003792,0.4,0.3999999999999999
0.003794,0.44,0.3999999999999999
0.003796,0.44,0.3999999999999999
0.003798,0.44,0.3999999999999999
0.0038,0.44,0.3999999999999999
0.003802,0.44,0.3999999999999999
0.003804,0.44,0.3999999999999999
0.003806,0.44,0.3999999999999999
0.003808,0.44,0.3999999999999999
0.00381,0.4,0.3999999999999999
0.003812,0.44,0.3999999999999999
0.003814,0.44,0.3999999999999999
0.003816,0.4,0.3999999999999999
0.003818,0.44,0.3999999999999999
0.00382,0.44,0.3999999999999999
0.003822,0.4,0.3999999999999999
0.003824,0.44,0.3999999999999999
0.003826,0.44,0.3999999999999999
0.003828,0.4,0.3999999999999999
0.00383,0.4,0.3999999999999999
0.003832,0.4,0.3999999999999999
0.003834,0.4,0.3999999999999999
0.003836,0.4,0.3999999999999999
0.003838,0.44,0.3999999999999999
0.00384,0.44,0.3999999999999999
0.003842,0.44,0.3999999999999999
0.003844,0.4,0.3999999999999999
0.003846,0.4,0.3999999999999999
0.003848,0.4,0.3999999999999999
0.00385,0.4,0.3999999999999999
0.003852,0.4,0.3999999999999999
0.003854,0.4,0.3999999999999999
0.003856,0.4,0.3999999999999999
0.003858,0.4,0.3999999999999999
0.00386,0.4,0.3999999999999999
0.003862,0.44,0.3999999999999999
0.003864,0.4,0.3999999999999999
0.003866,0.4,0.3999999999999999
0.003868,0.4,0.3999999999999999
0.00387,0.4,0.3999999999999999
0.003872,0.4,0.3999999999999999
0.003874,0.4,0.3999999999999999
0.003876,0.4,0.3999999999999999
0.003878,0.4,0.3999999999999999
0.00388,0.44,0.3999999999999999
0.003882,0.4,0.3999999999999999
0.003884,0.44,0.3599999999999999
0.003886,0.4,0.3599999999999999
0.003888,0.4,0.3599999999999999
0.00389,0.4,0.3599999999999999
0.003892,0.4,0.3599999999999999
0.003894,0.4,0.3599999999999999
0.003896,0.4,0.3599999999999999
0.003898,0.4,0.3599999999999999
0.0039,0.4,0.3599999999999999
0.003902,0.44,0.3599999999999999
0.003904,0.44,0.3599999999999999
0.003906,0.4,0.3599999999999999
0.003908,0.4,0.3599999999999999
0.00391,0.4,0.3599999999999999
0.003912,0.4,0.3599999999999999
0.003914,0.4,0.3599999999999999
0.003916,0.4,0.3599999999999999
0.003918,0.44,0.3599999999999999
0.00392,0.4,0.3599999999999999
0.003922,0.44,0.3599999999999999
0.003924,0.44,0.3599999999999999
0.003926,0.44,0.3599999999999999
0.003928,0.4,0.3599999999999999
0.00393,0.4,0.3599999999999999
0.003932,0.4,0.3599999999999999
0.003934,0.4,0.3599999999999999
0.003936,0.4,0.3599999999999999
0.003938,0.4,0.3599999999999999
0.00394,0.4,0.3599999999999999
0.003942,0.4,0.3599999999999999
0.003944,0.44,0.3599999999999999
0.003946,0.4,0.3599999999999999
0.003948,0.4,0.3599999999999999
0.00395,0.4,0.3599999999999999
0.003952,0.4,0.3599999999999999
0.003954,0.4,0.3599999999999999
0.003956,0.4,0.3599999999999999
0.003958,0.4,0.3599999999999999
0.00396,0.4,0.3599999999999999
0.003962,0.44,0.3599999999999999
0.003964,0.4,0.3599999999999999
0.003966,0.4,0.3599999999999999
0.003968,0.4,0.3599999999999999
0.00397,0.4,0.3599999999999999
0.003972,0.4,0.3599999999999999
0.003974,0.4,0.31999999999999984
0.003976,0.4,0.3599999999999999
0.003978,0.4,0.3599999999999999
0.00398,0.4,0.3599999999999999
0.003982,0.4,0.3599999999999999
0.003984,0.4,0.3599999999999999
0.003986,0.4,0.31999999999999984
0.003988,0.4,0.3599999999999999
0.00399,0.4,0.3599999999999999
0.003992,0.4,0.3599999999999999
0.003994,0.4,0.3599999999999999
0.003996,0.4,0.3599999999999999
0.003998,0.4,0.3599999999999999
0.004,0.4,0.3599999999999999
0.004002,0.4,0.3599999999999999
0.004004,0.4,0.31999999999999984
0.004006,0.4,0.31999999999999984
0.004008,0.4,0.31999999999999984
0.00401,0.4,0.31999999999999984
0.004012,0.4,0.31999999999999984
0.004014,0.4,0.31999999999999984
0.004016,0.4,0.31999999999999984
0.004018,0.4,0.31999999999999984
0.00402,0.4,0.31999999999999984
0.004022,0.4,0.31999999999999984
0.004024,0.4,0.31999999999999984
0.004026,0.4,0.31999999999999984
0.004028,0.4,0.31999999999999984
0.00403,0.4,0.31999999999999984
0.004032,0.4,0.31999999999999984
0.004034,0.4,0.31999999999999984
0.004036,0.4,0.31999999999999984
0.004038,0.4,0.31999999999999984
0.00404,0.4,0.31999999999999984
0.004042,0.4,0.31999999999999984
0.004044,0.4,0.31999999999999984
0.004046,0.4,0.31999999999999984
0.004048,0.4,0.31999999999999984
0.00405,0.4,0.31999999999999984
0.004052,0.4,0.31999999999999984
0.004054,0.4,0.31999999999999984
0.004056,0.4,0.31999999999999984
0.004058,0.4,0.31999999999999984
0.00406,0.4,0.31999999999999984
0.004062,0.4,0.31999999999999984
0.004064,0.4,0.31999999999999984
0.004066,0.4,0.31999999999999984
0.004068,0.4,0.31999999999999984
0.00407,0.4,0.31999999999999984
0.004072,0.4,0.31999999999999984
0.004074,0.4,0.31999999999999984
0.004076,0.36,0.31999999999999984
0.004078,0.4,0.31999999999999984
0.00408,0.4,0.31999999999999984
0.004082,0.4,0.31999999999999984
0.004084,0.4,0.2799999999999999
0.004086,0.4,0.2799999999999999
0.004088,0.4,0.2799999999999999
0.00409,0.4,0.2799999999999999
0.004092,0.4,0.2799999999999999
0.004094,0.36,0.2799999999999999
0.004096,0.4,0.2799999999999999
0.004098,0.36,0.2799999999999999
0.0041,0.36,0.2799999999999999
0.004102,0.4,0.2799999999999999
0.004104,0.4,0.2799999999999999
0.004106,0.4,0.2799999999999999
0.004108,0.36,0.2799999999999999
0.00411,0.4,0.2799999999999999
0.004112,0.36,0.2799999999999999
0.004114,0.36,0.2799999999999999
0.004116,0.36,0.2799999999999999
0.004118,0.36,0.2799999999999999
0.00412,0.36,0.2799999999999999
0.004122,0.36,0.2799999999999999
0.004124,0.4,0.2799999999999999
0.004126,0.4,0.2799999999999999
0.004128,0.36,0.2799999999999999
0.00413,0.36,0.2799999999999999
0.004132,0.36,0.2799999999999999
0.004134,0.36,0.2799999999999999
0.004136,0.36,0.2799999999999999
0.004138,0.36,0.2799999999999999
0.00414,0.36,0.2799999999999999
0.004142,0.36,0.2799999999999999
0.004144,0.36,0.2799999999999999
0.004146,0.36,0.2799999999999999
0.004148,0.36,0.2799999999999999
0.00415,0.36,0.2799999999999999
0.004152,0.36,0.2799999999999999
0.004154,0.36,0.2799999999999999
0.004156,0.36,0.2799999999999999
0.004158,0.36,0.2799999999999999
0.00416,0.36,0.2799999999999999
0.004162,0.36,0.2799999999999999
0.004164,0.36,0.2799999999999999
0.004166,0.36,0.2799999999999999
0.004168,0.36,0.2799999999999999
0.00417,0.36,0.2799999999999999
0.004172,0.36,0.2799999999999999
0.004174,0.36,0.23999999999999988
0.004176,0.36,0.2799999999999999
0.004178,0.36,0.2799999999999999
0.00418,0.36,0.2799999999999999
0.004182,0.36,0.2799999999999999
0.004184,0.36,0.23999999999999988
0.004186,0.36,0.23999999999999988
0.004188,0.36,0.2799999999999999
0.00419,0.36,0.23999999999999988
0.004192,0.36,0.23999999999999988
0.004194,0.36,0.23999999999999988
0.004196,0.36,0.2799999999999999
0.004198,0.36,0.23999999999999988
0.0042,0.36,0.23999999999999988
0.004202,0.36,0.23999999999999988
0.004204,0.36,0.23999999999999988
0.004206,0.36,0.23999999999999988
0.004208,0.36,0.23999999999999988
0.00421,0.36,0.23999999999999988
0.004212,0.36,0.23999999999999988
0.004214,0.36,0.23999999999999988
0.004216,0.36,0.23999999999999988
0.004218,0.36,0.23999999999999988
0.00422,0.36,0.23999999999999988
0.004222,0.36,0.23999999999999988
0.004224,0.36,0.23999999999999988
0.004226,0.36,0.23999999999999988
0.004228,0.36,0.23999999999999988
0.00423,0.36,0.23999999999999988
0.004232,0.36,0.23999999999999988
0.004234,0.36,0.23999999999999988
0.004236,0.36,0.23999999999999988
0.004238,0.36,0.23999999999999988
0.00424,0.36,0.23999999999999988
0.004242,0.36,0.23999999999999988
0.004244,0.36,0.23999999999999988
0.004246,0.36,0.23999999999999988
0.004248,0.36,0.23999999999999988
0.00425,0.36,0.23999999999999988
0.004252,0.36,0.19999999999999984
0.004254,0.36,0.23999999999999988
0.004256,0.36,0.19999999999999984
0.004258,0.32,0.19999999999999984
0.00426,0.36,0.19999999999999984
0.004262,0.36,0.23999999999999988
0.004264,0.36,0.23999999999999988
0.004266,0.36,0.19999999999999984
0.004268,0.36,0.19999999999999984
0.00427,0.36,0.19999999999999984
0.004272,0.36,0.19999999999999984
0.004274,0.32,0.19999999999999984
0.004276,0.36,0.19999999999999984
0.004278,0.32,0.19999999999999984
0.00428,0.32,0.19999999999999984
0.004282,0.36,0.19999999999999984
0.004284,0.36,0.19999999999999984
0.004286,0.36,0.19999999999999984
0.004288,0.36,0.19999999999999984
0.00429,0.36,0.19999999999999984
0.004292,0.36,0.19999999999999984
0.004294,0.36,0.19999999999999984
0.004296,0.32,0.19999999999999984
0.004298,0.32,0.19999999999999984
0.0043,0.32,0.19999999999999984
0.004302,0.32,0.19999999999999984
0.004304,0.36,0.19999999999999984
0.004306,0.36,0.19999999999999984
0.004308,0.36,0.19999999999999984
0.00431,0.32,0.19999999999999984
0.004312,0.32,0.19999999999999984
0.004314,0.32,0.19999999999999984
0.004316,0.32,0.19999999999999984
0.004318,0.32,0.19999999999999984
0.00432,0.32,0.19999999999999984
0.004322,0.32,0.19999999999999984
0.004324,0.32,0.19999999999999984
0.004326,0.32,0.19999999999999984
0.004328,0.32,0.19999999999999984
0.00433,0.32,0.19999999999999984
0.004332,0.32,0.19999999999999984
0.004334,0.32,0.19999999999999984
0.004336,0.32,0.19999999999999984
0.004338,0.32,0.19999999999999984
0.00434,0.32,0.19999999999999984
0.004342,0.32,0.19999999999999984
0.004344,0.32,0.19999999999999984
0.004346,0.32,0.19999999999999984
0.004348,0.32,0.19999999999999984
0.00435,0.32,0.15999999999999992
0.004352,0.32,0.15999999999999992
0.004354,0.32,0.15999999999999992
0.004356,0.32,0.15999999999999992
0.004358,0.32,0.15999999999999992
0.00436,0.32,0.15999999999999992
0.004362,0.32,0.15999999999999992
0.004364,0.32,0.15999999999999992
0.004366,0.32,0.15999999999999992
0.004368,0.32,0.15999999999999992
0.00437,0.32,0.15999999999999992
0.004372,0.32,0.15999999999999992
0.004374,0.32,0.15999999999999992
0.004376,0.32,0.15999999999999992
0.004378,0.32,0.15999999999999992
0.00438,0.32,0.15999999999999992
0.004382,0.32,0.15999999999999992
0.004384,0.32,0.15999999999999992
0.004386,0.32,0.15999999999999992
0.004388,0.32,0.15999999999999992
0.00439,0.32,0.15999999999999992
0.004392,0.32,0.15999999999999992
0.004394,0.32,0.15999999999999992
0.004396,0.32,0.15999999999999992
0.004398,0.32,0.15999999999999992
0.0044,0.32,0.15999999999999992
0.004402,0.32,0.15999999999999992
0.004404,0.32,0.15999999999999992
0.004406,0.32,0.15999999999999992
0.004408,0.32,0.15999999999999992
0.00441,0.32,0.15999999999999992
0.004412,0.32,0.15999999999999992
0.004414,0.32,0.15999999999999992
0.004416,0.28,0.15999999999999992
0.004418,0.32,0.11999999999999988
0.00442,0.28,0.15999999999999992
0.004422,0.32,0.15999999999999992
0.004424,0.32,0.15999999999999992
0.004426,0.32,0.11999999999999988
0.004428,0.32,0.11999999999999988
0.00443,0.32,0.11999999999999988
0.004432,0.32,0.11999999999999988
0.004434,0.32,0.11999999999999988
0.004436,0.32,0.11999999999999988
0.004438,0.28,0.11999999999999988
0.00444,0.28,0.11999999999999988
0.004442,0.28,0.11999999999999988
0.004444,0.28,0.11999999999999988
0.004446,0.32,0.11999999999999988
0.004448,0.32,0.11999999999999988
0.00445,0.32,0.11999999999999988
0.004452,0.28,0.11999999999999988
0.004454,0.32,0.11999999999999988
0.004456,0.32,0.11999999999999988
0.004458,0.28,0.11999999999999988
0.00446,0.28,0.11999999999999988
0.004462,0.28,0.11999999999999988
0.004464,0.28,0.11999999999999988
0.004466,0.32,0.11999999999999988
0.004468,0.32,0.11999999999999988
0.00447,0.32,0.11999999999999988
0.004472,0.28,0.07999999999999985
0.004474,0.28,0.07999999999999985
0.004476,0.28,0.07999999999999985
0.004478,0.28,0.07999999999999985
0.00448,0.28,0.07999999999999985
0.004482,0.28,0.07999999999999985
0.004484,0.28,0.11999999999999988
0.004486,0.28,0.07999999999999985
0.004488,0.28,0.07999999999999985
0.00449,0.28,0.07999999999999985
0.004492,0.28,0.07999999999999985
0.004494,0.28,0.07999999999999985
0.004496,0.28,0.07999999999999985
0.004498,0.28,0.07999999999999985
0.0045,0.28,0.07999999999999985
0.004502,0.28,0.07999999999999985
0.004504,0.28,0.07999999999999985
0.004506,0.28,0.07999999999999985
0.004508,0.28,0.07999999999999985
0.00451,0.28,0.07999999999999985
0.004512,0.28,0.07999999999999985
0.004514,0.28,0.039999999999999925
0.004516,0.28,0.07999999999999985
0.004518,0.28,0.07999999999999985
0.00452,0.28,0.07999999999999985
0.004522,0.28,0.07999999999999985
0.004524,0.28,0.039999999999999925
0.004526,0.28,0.07999999999999985
0.004528,0.28,0.039999999999999925
0.00453,0.28,0.07999999999999985
0.004532,0.28,0.039999999999999925
0.004534,0.28,0.039999999999999925
0.004536,0.28,0.039999999999999925
0.004538,0.28,0.039999999999999925
0.00454,0.28,0.039999999999999925
0.004542,0.28,0.039999999999999925
0.004544,0.28,0.039999999999999925
0.004546,0.28,0.039999999999999925
0.004548,0.28,0.039999999999999925
0.00455,0.28,0.039999999999999925
0.004552,0.28,0.039999999999999925
0.004554,0.28,0.039999999999999925
0.004556,0.28,0.039999999999999925
0.004558,0.28,0.039999999999999925
0.00456,0.28,0.039999999999999925
0.004562,0.28,0.039999999999999925
0.004564,0.28,0.039999999999999925
0.004566,0.28,0.039999999999999925
0.004568,0.28,0.039999999999999925
0.00457,0.28,0.039999999999999925
0.004572,0.28,-1.1102230246251565e-16
0.004574,0.28,-1.1102230246251565e-16
0.004576,0.28,-1.1102230246251565e-16
0.004578,0.28,-1.1102230246251565e-16
0.00458,0.28,-1.1102230246251565e-16
0.004582,0.24,-1.1102230246251565e-16
0.004584,0.28,-1.1102230246251565e-16
0.004586,0.28,-1.1102230246251565e-16
0.004588,0.28,-1.1102230246251565e-16
0.00459,0.28,-1.1102230246251565e-16
0.004592,0.28,-1.1102230246251565e-16
0.004594,0.28,-1.1102230246251565e-16
0.004596,0.28,-1.1102230246251565e-16
0.004598,0.24,-1.1102230246251565e-16
0.0046,0.24,-1.1102230246251565e-16
0.004602,0.24,-1.1102230246251565e-16
0.004604,0.24,-1.1102230246251565e-16
0.004606,0.24,-1.1102230246251565e-16
0.004608,0.24,-1.1102230246251565e-16
0.00461,0.24,-1.1102230246251565e-16
0.004612,0.24,-1.1102230246251565e-16
0.004614,0.28,-0.04000000000000015
0.004616,0.24,-0.04000000000000015
0.004618,0.24,-0.04000000000000015
0.00462,0.24,-0.04000000000000015
0.004622,0.24,-0.04000000000000015
0.004624,0.24,-0.04000000000000015
0.004626,0.24,-0.04000000000000015
0.004628,0.24,-0.04000000000000015
0.00463,0.24,-0.04000000000000015
0.004632,0.24,-0.04000000000000015
0.004634,0.24,-0.04000000000000015
0.004636,0.24,-0.04000000000000015
0.004638,0.24,-0.04000000000000015
0.00464,0.24,-0.04000000000000015
0.004642,0.24,-0.04000000000000015
0.004644,0.24,-0.04000000000000015
0.004646,0.24,-0.04000000000000015
0.004648,0.24,-0.04000000000000015
0.00465,0.24,-0.04000000000000015
0.004652,0.24,-0.04000000000000015
0.004654,0.24,-0.04000000000000015
0.004656,0.24,-0.04000000000000015
0.004658,0.24,-0.04000000000000015
0.00466,0.24,-0.04000000000000015
0.004662,0.24,-0.04000000000000015
0.004664,0.24,-0.08000000000000007
0.004666,0.24,-0.04000000000000015
0.004668,0.24,-0.08000000000000007
0.00467,0.24,-0.08000000000000007
0.004672,0.24,-0.08000000000000007
0.004674,0.24,-0.08000000000000007
0.004676,0.24,-0.08000000000000007
0.004678,0.24,-0.08000000000000007
0.00468,0.24,-0.08000000000000007
0.004682,0.24,-0.08000000000000007
0.004684,0.24,-0.08000000000000007
0.004686,0.24,-0.08000000000000007
0.004688,0.24,-0.08000000000000007
0.00469,0.24,-0.08000000000000007
0.004692,0.24,-0.08000000000000007
0.004694,0.24,-0.08000000000000007
0.004696,0.24,-0.08000000000000007
0.004698,0.24,-0.08000000000000007
0.0047,0.2,-0.08000000000000007
0.004702,0.24,-0.08000000000000007
0.004704,0.2,-0.08000000000000007
0.004706,0.24,-0.08000000000000007
0.004708,0.2,-0.08000000000000007
0.00471,0.24,-0.08000000000000007
0.004712,0.24,-0.08000000000000007
0.004714,0.24,-0.1200000000000001
0.004716,0.24,-0.1200000000000001
0.004718,0.24,-0.1200000000000001
0.00472,0.2,-0.1200000000000001
0.004722,0.2,-0.1200000000000001
0.004724,0.2,-0.1200000000000001
0.004726,0.2,-0.1200000000000001
0.004728,0.2,-0.1200000000000001
0.00473,0.2,-0.1200000000000001
0.004732,0.24,-0.1200000000000001
0.004734,0.2,-0.1200000000000001
0.004736,0.2,-0.1200000000000001
0.004738,0.2,-0.1200000000000001
0.00474,0.2,-0.1200000000000001
0.004742,0.2,-0.1200000000000001
0.004744,0.2,-0.1200000000000001
0.004746,0.2,-0.1200000000000001
0.004748,0.2,-0.1200000000000001
0.00475,0.2,-0.1200000000000001
0.004752,0.2,-0.1200000000000001
0.004754,0.2,-0.16000000000000014
0.004756,0.2,-0.16000000000000014
0.004758,0.2,-0.16000000000000014
0.00476,0.2,-0.16000000000000014
0.004762,0.2,-0.16000000000000014
0.004764,0.2,-0.16000000000000014
0.004766,0.2,-0.16000000000000014
0.004768,0.2,-0.16000000000000014
0.00477,0.2,-0.16000000000000014
0.004772,0.2,-0.16000000000000014
0.004774,0.2,-0.16000000000000014
0.004776,0.2,-0.16000000000000014
0.004778,0.2,-0.16000000000000014
0.00478,0.2,-0.16000000000000014
0.004782,0.2,-0.16000000000000014
0.004784,0.2,-0.16000000000000014
0.004786,0.2,-0.16000000000000014
0.004788,0.2,-0.16000000000000014
0.00479,0.2,-0.16000000000000014
0.004792,0.2,-0.16000000000000014
0.004794,0.2,-0.16000000000000014
0.004796,0.2,-0.16000000000000014
0.004798,0.2,-0.20000000000000012
0.0048,0.2,-0.20000000000000012
0.004802,0.2,-0.20000000000000012
0.004804,0.2,-0.20000000000000012
0.004806,0.16,-0.20000000000000012
0.004808,0.2,-0.20000000000000012
0.00481,0.2,-0.20000000000000012
0.004812,0.2,-0.20000000000000012
0.004814,0.2,-0.20000000000000012
0.004816,0.2,-0.20000000000000012
0.004818,0.2,-0.20000000000000012
0.00482,0.2,-0.20000000000000012
0.004822,0.2,-0.20000000000000012
0.004824,0.16,-0.20000000000000012
0.004826,0.16,-0.20000000000000012
0.004828,0.16,-0.20000000000000012
0.00483,0.16,-0.20000000000000012
0.004832,0.16,-0.20000000000000012
0.004834,0.16,-0.2400000000000001
0.004836,0.16,-0.2400000000000001
0.004838,0.16,-0.2400000000000001
0.00484,0.16,-0.2400000000000001
0.004842,0.16,-0.2400000000000001
0.004844,0.16,-0.2400000000000001
0.004846,0.16,-0.2400000000000001
0.004848,0.16,-0.2400000000000001
0.00485,0.16,-0.2400000000000001
0.004852,0.16,-0.2400000000000001
0.004854,0.16,-0.2400000000000001
0.004856,0.16,-0.2400000000000001
0.004858,0.16,-0.2400000000000001
0.00486,0.16,-0.2400000000000001
0.004862,0.16,-0.28000000000000014
0.004864,0.16,-0.28000000000000014
0.004866,0.16,-0.28000000000000014
0.004868,0.16,-0.28000000000000014
0.00487,0.16,-0.28000000000000014
0.004872,0.16,-0.28000000000000014
0.004874,0.16,-0.28000000000000014
0.004876,0.16,-0.28000000000000014
0.004878,0.16,-0.28000000000000014
0.00488,0.16,-0.28000000000000014
0.004882,0.16,-0.28000000000000014
0.004884,0.12,-0.28000000000000014
0.004886,0.12,-0.28000000000000014
0.004888,0.12,-0.28000000000000014
0.00489,0.16,-0.28000000000000014
0.004892,0.16,-0.28000000000000014
0.004894,0.16,-0.28000000000000014
0.004896,0.16,-0.3200000000000001
0.004898,0.12,-0.3200000000000001
0.0049,0.12,-0.3200000000000001
0.004902,0.12,-0.3200000000000001
0.004904,0.12,-0.3200000000000001
0.004906,0.12,-0.3200000000000001
0.004908,0.12,-0.3200000000000001
0.00491,0.12,-0.3200000000000001
0.004912,0.12,-0.3200000000000001
0.004914,0.12,-0.3200000000000001
0.004916,0.12,-0.3200000000000001
0.004918,0.12,-0.3600000000000001
0.00492,0.12,-0.3600000000000001
0.004922,0.12,-0.3600000000000001
0.004924,0.12,-0.3600000000000001
0.004926,0.12,-0.3600000000000001
0.004928,0.12,-0.3600000000000001
0.00493,0.12,-0.3600000000000001
0.004932,0.12,-0.3600000000000001
0.004934,0.12,-0.3600000000000001
0.004936,0.12,-0.3600000000000001
0.004938,0.12,-0.3600000000000001
0.00494,0.12,-0.3600000000000001
0.004942,0.12,-0.3600000000000001
0.004944,0.08,-0.3600000000000001
0.004946,0.08,-0.40000000000000013
0.004948,0.08,-0.3600000000000001
0.00495,0.08,-0.40000000000000013
0.004952,0.08,-0.40000000000000013
0.004954,0.12,-0.40000000000000013
0.004956,0.08,-0.40000000000000013
0.004958,0.08,-0.40000000000000013
0.00496,0.08,-0.40000000000000013
0.004962,0.08,-0.40000000000000013
0.004964,0.08,-0.40000000000000013
0.004966,0.08,-0.40000000000000013
0.004968,0.08,-0.40000000000000013
0.00497,0.08,-0.40000000000000013
0.004972,0.08,-0.40000000000000013
0.004974,0.08,-0.40000000000000013
0.004976,0.08,-0.4400000000000001
0.004978,0.08,-0.4400000000000001
0.00498,0.08,-0.4400000000000001
0.004982,0.08,-0.4400000000000001
0.004984,0.08,-0.4400000000000001
0.004986,0.08,-0.4400000000000001
0.004988,0.08,-0.4400000000000001
0.00499,0.08,-0.4400000000000001
0.004992,0.08,-0.4400000000000001
0.004994,0.08,-0.4400000000000001
0.004996,0.08,-0.4400000000000001
0.004998,0.08,-0.4400000000000001
0.005,0.08,-0.4800000000000001
0.005002,0.08,-0.4800000000000001
0.005004,0.04,-0.4800000000000001
0.005006,0.04,-0.4800000000000001
0.005008,0.04,-0.4800000000000001
0.00501,0.04,-0.4800000000000001
0.005012,0.04,-0.4800000000000001
0.005014,0.08,-0.4800000000000001
0.005016,0.08,-0.4800000000000001
0.005018,0.08,-0.4800000000000001
0.00502,0.04,-0.4800000000000001
0.005022,0.04,-0.4800000000000001
0.005024,0.04,-0.5200000000000001
0.005026,0.04,-0.5200000000000001
0.005028,0.04,-0.5200000000000001
0.00503,0.04,-0.5200000000000001
0.005032,0.04,-0.5200000000000001
0.005034,0.04,-0.5200000000000001
0.005036,0.04,-0.5200000000000001
0.005038,0.04,-0.5200000000000001
0.00504,0.04,-0.5200000000000001
0.005042,0.04,-0.5200000000000001
0.005044,0.04,-0.5200000000000001
0.005046,0.04,-0.5200000000000001
0.005048,0.04,-0.5200000000000001
0.00505,0.04,-0.5600000000000002
0.005052,0.04,-0.5600000000000002
0.005054,0.04,-0.5600000000000002
0.005056,0.04,-0.5600000000000002
0.005058,0.04,-0.5600000000000002
0.00506,0.04,-0.5600000000000002
0.005062,0.04,-0.5600000000000002
0.005064,0.0,-0.5600000000000002
0.005066,0.0,-0.5600000000000002
0.005068,0.0,-0.5600000000000002
0.00507,0.0,-0.5600000000000002
0.005072,0.0,-0.5600000000000002
0.005074,0.0,-0.5600000000000002
0.005076,0.0,-0.6000000000000001
0.005078,0.0,-0.6000000000000001
0.00508,0.0,-0.6000000000000001
0.005082,0.0,-0.6000000000000001
0.005084,0.0,-0.6000000000000001
0.005086,0.0,-0.6000000000000001
0.005088,0.0,-0.6000000000000001
0.00509,0.0,-0.6000000000000001
0.005092,0.0,-0.6000000000000001
0.005094,0.0,-0.6000000000000001
0.005096,0.0,-0.6000000000000001
0.005098,0.0,-0.6400000000000001
0.0051,0.0,-0.6000000000000001
0.005102,0.0,-0.6400000000000001
0.005104,0.0,-0.6400000000000001
0.005106,0.0,-0.6400000000000001
0.005108,0.0,-0.6400000000000001
0.00511,-0.04,-0.6400000000000001
0.005112,0.0,-0.6400000000000001
0.005114,0.0,-0.6400000000000001
0.005116,0.0,-0.6400000000000001
0.005118,-0.04,-0.6400000000000001
0.00512,-0.04,-0.6800000000000002
0.005122,-0.04,-0.6800000000000002
0.005124,-0.04,-0.6800000000000002
0.005126,-0.04,-0.6800000000000002
0.005128,-0.04,-0.6800000000000002
0.00513,-0.04,-0.6800000000000002
0.005132,-0.04,-0.6800000000000002
0.005134,-0.04,-0.6800000000000002
0.005136,-0.04,-0.6800000000000002
0.005138,-0.04,-0.7200000000000001
0.00514,-0.04,-0.7200000000000001
0.005142,-0.04,-0.7200000000000001
0.005144,-0.04,-0.7200000000000001
0.005146,-0.04,-0.7200000000000001
0.005148,-0.04,-0.7200000000000001
0.00515,-0.04,-0.7200000000000001
0.005152,-0.04,-0.7200000000000001
0.005154,-0.04,-0.7200000000000001
0.005156,-0.04,-0.7200000000000001
0.005158,-0.04,-0.7200000000000001
0.00516,-0.04,-0.7600000000000001
0.005162,-0.04,-0.7600000000000001
0.005164,-0.08,-0.7600000000000001
0.005166,-0.04,-0.7600000000000001
0.005168,-0.08,-0.7600000000000001
0.00517,-0.08,-0.7600000000000001
0.005172,-0.08,-0.7600000000000001
0.005174,-0.08,-0.7600000000000001
0.005176,-0.08,-0.7600000000000001
0.005178,-0.04,-0.8000000000000002
0.00518,-0.08,-0.8000000000000002
0.005182,-0.08,-0.8000000000000002
0.005184,-0.08,-0.8000000000000002
0.005186,-0.08,-0.8000000000000002
0.005188,-0.08,-0.8000000000000002
0.00519,-0.08,-0.8000000000000002
0.005192,-0.08,-0.8000000000000002
0.005194,-0.08,-0.8000000000000002
0.005196,-0.08,-0.8400000000000001
0.005198,-0.08,-0.8400000000000001
0.0052,-0.08,-0.8400000000000001
0.005202,-0.08,-0.8400000000000001
0.005204,-0.08,-0.8400000000000001
0.005206,-0.08,-0.8400000000000001
0.005208,-0.08,-0.8400000000000001
0.00521,-0.08,-0.8400000000000001
0.005212,-0.12,-0.8800000000000001
0.005214,-0.08,-0.8800000000000001
0.005216,-0.08,-0.8800000000000001
0.005218,-0.08,-0.8800000000000001
0.00522,-0.08,-0.8800000000000001
0.005222,-0.08,-0.8800000000000001
0.005224,-0.12,-0.8800000000000001
0.005226,-0.12,-0.8800000000000001
0.005228,-0.12,-0.9200000000000002
0.00523,-0.12,-0.8800000000000001
0.005232,-0.12,-0.9200000000000002
0.005234,-0.12,-0.9200000000000002
0.005236,-0.12,-0.9200000000000002
0.005238,-0.12,-0.9200000000000002
0.00524,-0.12,-0.9200000000000002
0.005242,-0.12,-0.9200000000000002
0.005244,-0.12,-0.9200000000000002
0.005246,-0.12,-0.9600000000000002
0.005248,-0.12,-0.9600000000000002
0.00525,-0.12,-0.9600000000000002
0.005252,-0.12,-0.9600000000000002
0.005254,-0.12,-0.9600000000000002
0.005256,-0.12,-0.9600000000000002
0.005258,-0.12,-0.9600000000000002
0.00526,-0.12,-0.9600000000000002
0.005262,-0.12,-0.9600000000000002
0.005264,-0.12,-1.0
0.005266,-0.12,-1.0
0.005268,-0.16,-1.0
0.00527,-0.16,-1.0
0.005272,-0.16,-1.0
0.005274,-0.16,-1.0
0.005276,-0.16,-1.0
0.005278,-0.16,-1.0
0.00528,-0.16,-1.0
0.005282,-0.16,-1.04
0.005284,-0.16,-1.04
0.005286,-0.16,-1.04
0.005288,-0.16,-1.04
0.00529,-0.16,-1.04
0.005292,-0.16,-1.04
0.005294,-0.16,-1.04
0.005296,-0.16,-1.04
0.005298,-0.16,-1.08
0.0053,-0.16,-1.08
0.005302,-0.16,-1.08
0.005304,-0.16,-1.08
0.005306,-0.2,-1.08
0.005308,-0.2,-1.08
0.00531,-0.2,-1.08
0.005312,-0.2,-1.12
0.005314,-0.2,-1.12
0.005316,-0.2,-1.12
0.005318,-0.2,-1.12
0.00532,-0.2,-1.12
0.005322,-0.2,-1.1600000000000001
0.005324,-0.2,-1.1600000000000001
0.005326,-0.2,-1.1600000000000001
0.005328,-0.2,-1.1600000000000001
0.00533,-0.2,-1.1600000000000001
0.005332,-0.2,-1.1600000000000001
0.005334,-0.2,-1.2000000000000002
0.005336,-0.2,-1.2000000000000002
0.005338,-0.2,-1.2000000000000002
0.00534,-0.2,-1.2000000000000002
0.005342,-0.2,-1.2000000000000002
0.005344,-0.2,-1.2000000000000002
0.005346,-0.2,-1.2000000000000002
0.005348,-0.24,-1.2400000000000002
0.00535,-0.24,-1.2400000000000002
0.005352,-0.24,-1.2400000000000002
0.005354,-0.24,-1.2400000000000002
0.005356,-0.24,-1.2400000000000002
0.005358,-0.24,-1.2400000000000002
0.00536,-0.24,-1.2400000000000002
0.005362,-0.24,-1.2800000000000002
0.005364,-0.24,-1.2800000000000002
0.005366,-0.24,-1.2800000000000002
0.005368,-0.24,-1.2800000000000002
0.00537,-0.28,-1.2800000000000002
0.005372,-0.28,-1.2800000000000002
0.005374,-0.28,-1.3200000000000003
0.005376,-0.28,-1.3200000000000003
0.005378,-0.28,-1.3200000000000003
0.00538,-0.28,-1.3200000000000003
0.005382,-0.28,-1.3200000000000003
0.005384,-0.28,-1.3200000000000003
0.005386,-0.28,-1.36
0.005388,-0.28,-1.36
0.00539,-0.28,-1.36
0.005392,-0.32,-1.36
0.005394,-0.28,-1.36
0.005396,-0.28,-1.36
0.005398,-0.28,-1.36
0.0054,-0.28,-1.4000000000000001
0.005402,-0.28,-1.4000000000000001
0.005404,-0.28,-1.4000000000000001
0.005406,-0.32,-1.4000000000000001
0.005408,-0.32,-1.4000000000000001
0.00541,-0.32,-1.4000000000000001
0.005412,-0.32,-1.4400000000000002
0.005414,-0.32,-1.4400000000000002
0.005416,-0.32,-1.4400000000000002
0.005418,-0.32,-1.4400000000000002
0.00542,-0.32,-1.4400000000000002
0.005422,-0.32,-1.4400000000000002
0.005424,-0.32,-1.48
0.005426,-0.32,-1.48
0.005428,-0.36,-1.48
0.00543,-0.36,-1.48
0.005432,-0.36,-1.52
0.005434,-0.36,-1.52
0.005436,-0.36,-1.52
0.005438,-0.36,-1.52
0.00544,-0.36,-1.52
0.005442,-0.36,-1.56
0.005444,-0.36,-1.56
0.005446,-0.36,-1.56
0.005448,-0.36,-1.56
0.00545,-0.36,-1.56
0.005452,-0.36,-1.6
0.005454,-0.4,-1.6
0.005456,-0.36,-1.6
0.005458,-0.4,-1.6
0.00546,-0.4,-1.6
0.005462,-0.4,-1.6400000000000001
0.005464,-0.4,-1.6400000000000001
0.005466,-0.4,-1.6400000000000001
0.005468,-0.4,-1.6400000000000001
0.00547,-0.4,-1.6400000000000001
0.005472,-0.4,-1.6400000000000001
0.005474,-0.4,-1.6800000000000002
0.005476,-0.4,-1.6800000000000002
0.005478,-0.4,-1.6800000000000002
0.00548,-0.4,-1.6800000000000002
0.005482,-0.4,-1.6800000000000002
0.005484,-0.4,-1.7200000000000002
0.005486,-0.44,-1.7200000000000002
0.005488,-0.44,-1.7200000000000002
0.00549,-0.44,-1.7200000000000002
0.005492,-0.44,-1.7600000000000002
0.005494,-0.44,-1.7600000000000002
0.005496,-0.44,-1.7600000000000002
0.005498,-0.44,-1.7600000000000002
0.0055,-0.44,-1.7600000000000002
0.005502,-0.44,-1.8
0.005504,-0.44,-1.8
0.005506,-0.44,-1.8
0.005508,-0.48,-1.8
0.00551,-0.48,-1.8
0.005512,-0.48,-1.84
0.005514,-0.48,-1.84
0.005516,-0.48,-1.84
0.005518,-0.48,-1.84
0.00552,-0.48,-1.8800000000000001
0.005522,-0.48,-1.8800000000000001
0.005524,-0.48,-1.8800000000000001
0.005526,-0.48,-1.8800000000000001
0.005528,-0.48,-1.9200000000000002
0.00553,-0.48,-1.9200000000000002
0.005532,-0.52,-1.9200000000000002
0.005534,-0.52,-1.9200000000000002
0.005536,-0.52,-1.9600000000000002
0.005538,-0.52,-1.9600000000000002
0.00554,-0.52,-1.9600000000000002
0.005542,-0.52,-1.9600000000000002
0.005544,-0.52,-1.9600000000000002
0.005546,-0.52,-2.0
0.005548,-0.52,-2.0
0.00555,-0.52,-2.0
0.005552,-0.52,-2.0
0.005554,-0.56,-2.04
0.005556,-0.52,-2.04
0.005558,-0.56,-2.04
0.00556,-0.52,-2.04
0.005562,-0.56,-2.08
0.005564,-0.56,-2.08
0.005566,-0.56,-2.08
0.005568,-0.56,-2.12
0.00557,-0.56,-2.12
0.005572,-0.56,-2.12
0.005574,-0.56,-2.12
0.005576,-0.56,-2.12
0.005578,-0.56,-2.16
0.00558,-0.56,-2.16
0.005582,-0.56,-2.16
0.005584,-0.56,-2.16
0.005586,-0.56,-2.2
0.005588,-0.6,-2.2
0.00559,-0.6,-2.2
0.005592,-0.6,-2.24
0.005594,-0.6,-2.24
0.005596,-0.6,-2.24
0.005598,-0.6,-2.24
0.0056,-0.6,-2.2800000000000002
0.005602,-0.6,-2.2800000000000002
0.005604,-0.6,-2.2800000000000002
0.005606,-0.6,-2.2800000000000002
0.005608,-0.6,-2.3200000000000003
0.00561,-0.64,-2.3200000000000003
0.005612,-0.64,-2.3200000000000003
0.005614,-0.64,-2.3600000000000003
0.005616,-0.64,-2.3600000000000003
0.005618,-0.64,-2.3600000000000003
0.00562,-0.64,-2.3600000000000003
0.005622,-0.64,-2.3600000000000003
0.005624,-0.64,-2.4000000000000004
0.005626,-0.64,-2.4000000000000004
0.005628,-0.64,-2.4400000000000004
0.00563,-0.64,-2.4400000000000004
0.005632,-0.68,-2.4400000000000004
0.005634,-0.68,-2.4400000000000004
0.005636,-0.68,-2.4800000000000004
0.005638,-0.68,-2.4800000000000004
0.00564,-0.68,-2.4800000000000004
0.005642,-0.68,-2.4800000000000004
0.005644,-0.68,-2.4800000000000004
0.005646,-0.68,-2.52
0.005648,-0.68,-2.52
0.00565,-0.68,-2.52
0.005652,-0.72,-2.56
0.005654,-0.72,-2.56
0.005656,-0.72,-2.56
0.005658,-0.72,-2.56
0.00566,-0.72,-2.56
0.005662,-0.72,-2.6
0.005664,-0.72,-2.6
0.005666,-0.72,-2.64
0.005668,-0.72,-2.64
0.00567,-0.76,-2.64
0.005672,-0.76,-2.64
0.005674,-0.76,-2.68
0.005676,-0.76,-2.68
0.005678,-0.76,-2.68
0.00568,-0.76,-2.72
0.005682,-0.76,-2.72
0.005684,-0.76,-2.72
0.005686,-0.76,-2.7600000000000002
0.005688,-0.76,-2.7600000000000002
0.00569,-0.8,-2.8000000000000003
0.005692,-0.8,-2.8000000000000003
0.005694,-0.8,-2.8000000000000003
0.005696,-0.8,-2.8000000000000003
0.005698,-0.8,-2.8400000000000003
0.0057,-0.8,-2.8400000000000003
0.005702,-0.8,-2.8400000000000003
0.005704,-0.8,-2.8800000000000003
0.005706,-0.8,-2.8800000000000003
0.005708,-0.8,-2.8800000000000003
0.00571,-0.8,-2.92
0.005712,-0.84,-2.92
0.005714,-0.84,-2.92
0.005716,-0.84,-2.96
0.005718,-0.84,-2.96
0.00572,-0.84,-2.96
0.005722,-0.84,-3.0
0.005724,-0.84,-3.0
0.005726,-0.84,-3.0
0.005728,-0.84,-3.04
0.00573,-0.84,-3.04
0.005732,-0.88,-3.08
0.005734,-0.88,-3.08
0.005736,-0.88,-3.08
0.005738,-0.88,-3.12
0.00574,-0.88,-3.12
0.005742,-0.88,-3.12
0.005744,-0.88,-3.16
0.005746,-0.88,-3.16
0.005748,-0.88,-3.16
0.00575,-0.88,-3.2
0.005752,-0.92,-3.2
0.005754,-0.92,-3.24
0.005756,-0.92,-3.24
0.005758,-0.92,-3.24
0.00576,-0.92,-3.2800000000000002
0.005762,-0.92,-3.2800000000000002
0.005764,-0.92,-3.2800000000000002
0.005766,-0.92,-3.3200000000000003
0.005768,-0.92,-3.3200000000000003
0.00577,-0.96,-3.3200000000000003
0.005772,-0.96,-3.3600000000000003
0.005774,-0.96,-3.3600000000000003
0.005776,-0.96,-3.3600000000000003
0.005778,-0.96,-3.4
0.00578,-0.96,-3.4
0.005782,-0.96,-3.44
0.005784,-0.96,-3.44
0.005786,-0.96,-3.48
0.005788,-1.0,-3.48
0.00579,-0.96,-3.48
0.005792,-1.0,-3.52
0.005794,-1.0,-3.52
0.005796,-1.0,-3.52
0.005798,-1.0,-3.56
0.0058,-1.0,-3.56
0.005802,-1.0,-3.6
0.005804,-1.0,-3.6
0.005806,-1.0,-3.6
0.005808,-1.0,-3.64
0.00581,-1.04,-3.64
0.005812,-1.04,-3.68
0.005814,-1.04,-3.68
0.005816,-1.04,-3.72
0.005818,-1.04,-3.72
0.00582,-1.04,-3.72
0.005822,-1.08,-3.7600000000000002
0.005824,-1.04,-3.7600000000000002
0.005826,-1.08,-3.8000000000000003
0.005828,-1.08,-3.8000000000000003
0.00583,-1.08,-3.8400000000000003
0.005832,-1.08,-3.8400000000000003
0.005834,-1.08,-3.8400000000000003
0.005836,-1.12,-3.8800000000000003
0.005838,-1.12,-3.8800000000000003
0.00584,-1.12,-3.92
0.005842,-1.12,-3.92
0.005844,-1.12,-3.92
0.005846,-1.12,-3.96
0.005848,-1.12,-4.0
0.00585,-1.12,-4.0
0.005852,-1.12,-4.0
0.005854,-1.16,-4.04
0.005856,-1.16,-4.04
0.005858,-1.16,-4.08
0.00586,-1.16,-4.08
0.005862,-1.16,-4.08
0.005864,-1.16,-4.12
0.005866,-1.16,-4.12
0.005868,-1.16,-4.16
0.00587,-1.16,-4.16
0.005872,-1.2,-4.2
0.005874,-1.2,-4.2
0.005876,-1.2,-4.24
0.005878,-1.2,-4.24
0.00588,-1.2,-4.28
0.005882,-1.2,-4.28
0.005884,-1.2,-4.28
0.005886,-1.2,-4.32
0.005888,-1.2,-4.36
0.00589,-1.24,-4.36
0.005892,-1.24,-4.36
0.005894,-1.24,-4.4
0.005896,-1.24,-4.4
0.005898,-1.24,-4.4399999999999995
0.0059,-1.24,-4.4399999999999995
0.005902,-1.28,-4.4399999999999995
0.005904,-1.24,-4.48
0.005906,-1.28,-4.48
0.005908,-1.28,-4.52
0.00591,-1.28,-4.52
0.005912,-1.28,-4.5600000000000005
0.005914,-1.28,-4.6
0.005916,-1.28,-4.6
0.005918,-1.28,-4.6
0.00592,-1.28,-4.640000000000001
0.005922,-1.32,-4.640000000000001
0.005924,-1.32,-4.68
0.005926,-1.32,-4.68
0.005928,-1.32,-4.720000000000001
0.00593,-1.32,-4.720000000000001
0.005932,-1.32,-4.76
0.005934,-1.32,-4.76
0.005936,-1.32,-4.76
0.005938,-1.32,-4.800000000000001
0.00594,-1.36,-4.800000000000001
0.005942,-1.36,-4.84
0.005944,-1.36,-4.84
0.005946,-1.36,-4.880000000000001
0.005948,-1.36,-4.880000000000001
0.00595,-1.36,-4.92
0.005952,-1.36,-4.92
0.005954,-1.36,-4.960000000000001
0.005956,-1.36,-4.960000000000001
0.005958,-1.36,-4.960000000000001
0.00596,-1.4,-5.0
0.005962,-1.4,-5.0
0.005964,-1.4,-5.040000000000001
0.005966,-1.4,-5.040000000000001
0.005968,-1.4,-5.040000000000001
0.00597,-1.4,-5.08
0.005972,-1.4,-5.120000000000001
0.005974,-1.4,-5.120000000000001
0.005976,-1.4,-5.120000000000001
0.005978,-1.44,-5.16
0.00598,-1.44,-5.16
0.005982,-1.44,-5.199999999999999
0.005984,-1.44,-5.199999999999999
0.005986,-1.44,-5.199999999999999
0.005988,-1.44,-5.24
0.00599,-1.44,-5.279999999999999
0.005992,-1.44,-5.279999999999999
0.005994,-1.44,-5.32
0.005996,-1.44,-5.32
0.005998,-1.48,-5.32
0.006,-1.48,-5.359999999999999
0.006002,-1.48,-5.359999999999999
0.006004,-1.48,-5.4
0.006006,-1.48,-5.4
0.006008,-1.48,-5.4
0.00601,-1.48,-5.4399999999999995
0.006012,-1.48,-5.4399999999999995
0.006014,-1.48,-5.48
0.006016,-1.48,-5.48
0.006018,-1.48,-5.52
0.00602,-1.52,-5.52
0.006022,-1.48,-5.52
0.006024,-1.48,-5.5600000000000005
0.006026,-1.48,-5.5600000000000005
0.006028,-1.48,-5.6
0.00603,-1.52,-5.6
0.006032,-1.52,-5.640000000000001
0.006034,-1.52,-5.640000000000001
0.006036,-1.52,-5.640000000000001
0.006038,-1.52,-5.640000000000001
0.00604,-1.52,-5.68
0.006042,-1.52,-5.68
0.006044,-1.52,-5.720000000000001
0.006046,-1.52,-5.720000000000001
0.006048,-1.52,-5.76
0.00605,-1.52,-5.76
0.006052,-1.52,-5.76
0.006054,-1.52,-5.800000000000001
0.006056,-1.52,-5.800000000000001
0.006058,-1.56,-5.800000000000001
0.00606,-1.56,-5.84
0.006062,-1.56,-5.84
0.006064,-1.56,-5.84
0.006066,-1.56,-5.880000000000001
0.006068,-1.56,-5.880000000000001
0.00607,-1.56,-5.92
0.006072,-1.56,-5.92
0.006074,-1.56,-5.92
0.006076,-1.56,-5.92
0.006078,-1.56,-5.960000000000001
0.00608,-1.56,-5.960000000000001
0.006082,-1.56,-5.960000000000001
0.006084,-1.56,-6.0
0.006086,-1.56,-6.0
0.006088,-1.56,-6.0
0.00609,-1.56,-6.0
0.006092,-1.56,-6.040000000000001
0.006094,-1.56,-6.040000000000001
0.006096,-1.56,-6.040000000000001
0.006098,-1.56,-6.08
0.0061,-1.56,-6.08
0.006102,-1.56,-6.08
0.006104,-1.6,-6.08
0.006106,-1.56,-6.08
0.006108,-1.56,-6.120000000000001
0.00611,-1.56,-6.120000000000001
0.006112,-1.56,-6.120000000000001
0.006114,-1.56,-6.120000000000001
0.006116,-1.6,-6.16
0.006118,-1.6,-6.16
0.00612,-1.6,-6.16
0.006122,-1.6,-6.16
0.006124,-1.6,-6.16
0.006126,-1.6,-6.199999999999999
0.006128,-1.6,-6.199999999999999
0.00613,-1.6,-6.199999999999999
0.006132,-1.6,-6.199999999999999
0.006134,-1.6,-6.199999999999999
0.006136,-1.6,-6.199999999999999
0.006138,-1.6,-6.199999999999999
0.00614,-1.6,-6.24
0.006142,-1.6,-6.24
0.006144,-1.6,-6.24
0.006146,-1.6,-6.24
0.006148,-1.6,-6.24
0.00615,-1.6,-6.24
0.006152,-1.6,-6.24
0.006154,-1.6,-6.24
0.006156,-1.6,-6.24
0.006158,-1.6,-6.279999999999999
0.00616,-1.6,-6.24
0.006162,-1.6,-6.24
0.006164,-1.6,-6.24
0.006166,-1.6,-6.24
0.006168,-1.6,-6.279999999999999
0.00617,-1.6,-6.279999999999999
0.006172,-1.6,-6.279999999999999
0.006174,-1.6,-6.279999999999999
0.006176,-1.6,-6.279999999999999
0.006178,-1.6,-6.279999999999999
0.00618,-1.6,-6.279999999999999
0.006182,-1.6,-6.279999999999999
0.006184,-1.6,-6.279999999999999
0.006186,-1.6,-6.279999999999999
0.006188,-1.56,-6.279999999999999
0.00619,-1.56,-6.279999999999999
0.006192,-1.56,-6.279999999999999
0.006194,-1.56,-6.279999999999999
0.006196,-1.56,-6.279999999999999
0.006198,-1.56,-6.24
0.0062,-1.56,-6.24
0.006202,-1.56,-6.24
0.006204,-1.56,-6.24
0.006206,-1.56,-6.24
0.006208,-1.56,-6.24
0.00621,-1.56,-6.24
0.006212,-1.56,-6.24
0.006214,-1.56,-6.24
0.006216,-1.56,-6.24
0.006218,-1.56,-6.199999999999999
0.00622,-1.56,-6.199999999999999
0.006222,-1.56,-6.199999999999999
0.006224,-1.56,-6.199999999999999
0.006226,-1.56,-6.199999999999999
0.006228,-1.56,-6.16
0.00623,-1.56,-6.16
0.006232,-1.52,-6.16
0.006234,-1.52,-6.16
0.006236,-1.52,-6.16
0.006238,-1.52,-6.16
0.00624,-1.52,-6.120000000000001
0.006242,-1.52,-6.120000000000001
0.006244,-1.52,-6.120000000000001
0.006246,-1.52,-6.120000000000001
0.006248,-1.52,-6.08
0.00625,-1.52,-6.08
0.006252,-1.52,-6.08
0.006254,-1.52,-6.08
0.006256,-1.52,-6.040000000000001
0.006258,-1.52,-6.040000000000001
0.00626,-1.52,-6.040000000000001
0.006262,-1.52,-6.040000000000001
0.006264,-1.52,-6.0
0.006266,-1.52,-6.0
0.006268,-1.52,-6.0
0.00627,-1.48,-6.0
0.006272,-1.48,-5.960000000000001
0.006274,-1.48,-5.960000000000001
0.006276,-1.48,-5.960000000000001
0.006278,-1.48,-5.960000000000001
0.00628,-1.48,-5.92
0.006282,-1.48,-5.92
0.006284,-1.48,-5.880000000000001
0.006286,-1.48,-5.880000000000001
0.006288,-1.48,-5.880000000000001
0.00629,-1.44,-5.880000000000001
0.006292,-1.44,-5.84
0.006294,-1.44,-5.84
0.006296,-1.44,-5.84
0.006298,-1.44,-5.800000000000001
0.0063,-1.44,-5.800000000000001
0.006302,-1.44,-5.76
0.006304,-1.44,-5.76
0.006306,-1.44,-5.76
0.006308,-1.44,-5.720000000000001
0.00631,-1.44,-5.720000000000001
0.006312,-1.4,-5.68
0.006314,-1.4,-5.68
0.006316,-1.4,-5.68
0.006318,-1.4,-5.640000000000001
0.00632,-1.4,-5.640000000000001
0.006322,-1.4,-5.640000000000001
0.006324,-1.4,-5.6
0.006326,-1.4,-5.6
0.006328,-1.4,-5.5600000000000005
0.00633,-1.4,-5.5600000000000005
0.006332,-1.36,-5.5600000000000005
0.006334,-1.36,-5.52
0.006336,-1.36,-5.52
0.006338,-1.36,-5.52
0.00634,-1.36,-5.48
0.006342,-1.36,-5.48
0.006344,-1.36,-5.4399999999999995
0.006346,-1.36,-5.4399999999999995
0.006348,-1.36,-5.4
0.00635,-1.36,-5.4
0.006352,-1.36,-5.4
0.006354,-1.32,-5.359999999999999
0.006356,-1.32,-5.359999999999999
0.006358,-1.32,-5.32
0.00636,-1.32,-5.32
0.006362,-1.32,-5.32
0.006364,-1.32,-5.279999999999999
0.006366,-1.32,-5.279999999999999
0.006368,-1.32,-5.24
0.00637,-1.32,-5.24
0.006372,-1.28,-5.199999999999999
0.006374,-1.28,-5.199999999999999
0.006376,-1.28,-5.199999999999999
0.006378,-1.28,-5.16
0.00638,-1.28,-5.16
0.006382,-1.28,-5.120000000000001
0.006384,-1.28,-5.120000000000001
0.006386,-1.28,-5.08
0.006388,-1.28,-5.08
0.00639,-1.28,-5.040000000000001
0.006392,-1.24,-5.040000000000001
0.006394,-1.24,-5.0
0.006396,-1.24,-5.0
0.006398,-1.24,-5.0
0.0064,-1.24,-4.960000000000001
0.006402,-1.24,-4.960000000000001
0.006404,-1.24,-4.92
0.006406,-1.24,-4.92
0.006408,-1.24,-4.880000000000001
0.00641,-1.2,-4.880000000000001
0.006412,-1.2,-4.84
0.006414,-1.2,-4.84
0.006416,-1.2,-4.84
0.006418,-1.2,-4.800000000000001
0.00642,-1.2,-4.800000000000001
0.006422,-1.2,-4.76
0.006424,-1.2,-4.76
0.006426,-1.2,-4.720000000000001
0.006428,-1.2,-4.720000000000001
0.00643,-1.16,-4.720000000000001
0.006432,-1.16,-4.68
0.006434,-1.16,-4.68
0.006436,-1.16,-4.640000000000001
0.006438,-1.16,-4.640000000000001
0.00644,-1.16,-4.6
0.006442,-1.16,-4.6
0.006444,-1.16,-4.5600000000000005
0.006446,-1.16,-4.5600000000000005
0.006448,-1.16,-4.52
0.00645,-1.12,-4.52
0.006452,-1.12,-4.52
0.006454,-1.12,-4.48
0.006456,-1.12,-4.48
0.006458,-1.12,-4.48
0.00646,-1.12,-4.4399999999999995
0.006462,-1.12,-4.4399999999999995
0.006464,-1.12,-4.4
0.006466,-1.12,-4.4
0.006468,-1.08,-4.36
0.00647,-1.08,-4.36
0.006472,-1.08,-4.32
0.006474,-1.08,-4.32
0.006476,-1.08,-4.28
0.006478,-1.08,-4.28
0.00648,-1.04,-4.28
0.006482,-1.04,-4.24
0.006484,-1.04,-4.24
0.006486,-1.08,-4.2
0.006488,-1.04,-4.2
0.00649,-1.04,-4.16
0.006492,-1.04,-4.16
0.006494,-1.04,-4.12
0.006496,-1.0,-4.12
0.006498,-1.0,-4.12
0.0065,-1.0,-4.08
0.006502,-1.0,-4.08
0.006504,-1.0,-4.04
0.006506,-1.0,-4.04
0.006508,-1.0,-4.04
0.00651,-1.0,-4.0
0.006512,-1.0,-4.0
0.006514,-0.96,-3.96
0.006516,-0.96,-3.96
0.006518,-0.96,-3.92
0.00652,-0.96,-3.92
0.006522,-0.96,-3.92
0.006524,-0.96,-3.8800000000000003
0.006526,-0.96,-3.8800000000000003
0.006528,-0.96,-3.8400000000000003
0.00653,-0.96,-3.8400000000000003
0.006532,-0.96,-3.8000000000000003
0.006534,-0.92,-3.8000000000000003
0.006536,-0.92,-3.8000000000000003
0.006538,-0.92,-3.7600000000000002
0.00654,-0.92,-3.7600000000000002
0.006542,-0.92,-3.72
0.006544,-0.92,-3.72
0.006546,-0.92,-3.72
0.006548,-0.92,-3.68
0.00655,-0.92,-3.68
0.006552,-0.92,-3.64
0.006554,-0.92,-3.64
0.006556,-0.92,-3.64
0.006558,-0.88,-3.6
0.00656,-0.88,-3.6
0.006562,-0.88,-3.56
0.006564,-0.88,-3.56
0.006566,-0.88,-3.56
0.006568,-0.88,-3.52
0.00657,-0.88,-3.52
0.006572,-0.88,-3.52
0.006574,-0.88,-3.48
0.006576,-0.88,-3.48
0.006578,-0.88,-3.44
0.00658,-0.84,-3.44
0.006582,-0.84,-3.44
0.006584,-0.84,-3.4
0.006586,-0.84,-3.4
0.006588,-0.84,-3.3600000000000003
0.00659,-0.84,-3.3600000000000003
0.006592,-0.84,-3.3600000000000003
0.006594,-0.84,-3.3200000000000003
0.006596,-0.84,-3.3200000000000003
0.006598,-0.8,-3.3200000000000003
0.0066,-0.8,-3.2800000000000002
0.006602,-0.8,-3.2800000000000002
0.006604,-0.8,-3.2800000000000002
0.006606,-0.8,-3.24
0.006608,-0.8,-3.24
0.00661,-0.8,-3.2
0.006612,-0.8,-3.2
0.006614,-0.8,-3.2
0.006616,-0.8,-3.16
0.006618,-0.76,-3.16
0.00662,-0.8,-3.16
0.006622,-0.76,-3.16
0.006624,-0.76,-3.12
0.006626,-0.76,-3.12
0.006628,-0.76,-3.08
0.00663,-0.76,-3.08
0.006632,-0.76,-3.08
0.006634,-0.76,-3.04
0.006636,-0.76,-3.04
0.006638,-0.76,-3.0
0.00664,-0.72,-3.0
0.006642,-0.72,-3.0
0.006644,-0.72,-2.96
0.006646,-0.72,-2.96
0.006648,-0.72,-2.96
0.00665,-0.72,-2.92
0.006652,-0.72,-2.92
0.006654,-0.72,-2.92
0.006656,-0.72,-2.8800000000000003
0.006658,-0.72,-2.8800000000000003
0.00666,-0.68,-2.8800000000000003
0.006662,-0.68,-2.8800000000000003
0.006664,-0.68,-2.8400000000000003
0.006666,-0.68,-2.8400000000000003
0.006668,-0.68,-2.8400000000000003
0.00667,-0.68,-2.8000000000000003
0.006672,-0.68,-2.8000000000000003
0.006674,-0.68,-2.8000000000000003
0.006676,-0.68,-2.7600000000000002
0.006678,-0.64,-2.7600000000000002
0.00668,-0.64,-2.7600000000000002
0.006682,-0.64,-2.7600000000000002
0.006684,-0.64,-2.72
0.006686,-0.64,-2.72
0.006688,-0.64,-2.72
0.00669,-0.64,-2.68
0.006692,-0.64,-2.68
0.006694,-0.64,-2.68
0.006696,-0.64,-2.64
0.006698,-0.64,-2.64
0.0067,-0.6,-2.64
0.006702,-0.6,-2.6
0.006704,-0.6,-2.6
0.006706,-0.64,-2.6
0.006708,-0.6,-2.6
0.00671,-0.6,-2.56
0.006712,-0.6,-2.56
0.006714,-0.6,-2.56
0.006716,-0.6,-2.52
0.006718,-0.6,-2.52
0.00672,-0.6,-2.52
0.006722,-0.56,-2.52
0.006724,-0.6,-2.52
0.006726,-0.6,-2.4800000000000004
0.006728,-0.6,-2.4800000000000004
0.00673,-0.6,-2.4800000000000004
0.006732,-0.56,-2.4400000000000004
0.006734,-0.56,-2.4400000000000004
0.006736,-0.56,-2.4400000000000004
0.006738,-0.56,-2.4400000000000004
0.00674,-0.56,-2.4000000000000004
0.006742,-0.56,-2.4000000000000004
0.006744,-0.56,-2.4000000000000004
0.006746,-0.56,-2.4000000000000004
0.006748,-0.56,-2.3600000000000003
0.00675,-0.56,-2.3600000000000003
0.006752,-0.56,-2.3600000000000003
0.006754,-0.56,-2.3200000000000003
0.006756,-0.56,-2.3200000000000003
0.006758,-0.56,-2.3200000000000003
0.00676,-0.56,-2.2800000000000002
0.006762,-0.52,-2.2800000000000002
0.006764,-0.52,-2.2800000000000002
0.006766,-0.52,-2.2800000000000002
0.006768,-0.52,-2.24
0.00677,-0.56,-2.24
0.006772,-0.52,-2.24
0.006774,-0.52,-2.2
0.006776,-0.52,-2.2
0.006778,-0.52,-2.2
0.00678,-0.52,-2.2
0.006782,-0.52,-2.2
0.006784,-0.52,-2.16
0.006786,-0.52,-2.16
0.006788,-0.52,-2.16
0.00679,-0.52,-2.16
0.006792,-0.52,-2.12
0.006794,-0.52,-2.12
0.006796,-0.48,-2.12
0.006798,-0.48,-2.12
0.0068,-0.48,-2.12
0.006802,-0.48,-2.08
0.006804,-0.48,-2.08
0.006806,-0.48,-2.08
0.006808,-0.48,-2.04
0.00681,-0.48,-2.04
0.006812,-0.48,-2.04
0.006814,-0.48,-2.04
0.006816,-0.48,-2.04
0.006818,-0.48,-2.04
0.00682,-0.48,-2.0
0.006822,-0.48,-2.0
0.006824,-0.44,-2.0
0.006826,-0.48,-2.0
0.006828,-0.48,-1.9600000000000002
0.00683,-0.48,-1.9600000000000002
0.006832,-0.48,-1.9600000000000002
0.006834,-0.44,-1.9600000000000002
0.006836,-0.44,-1.9200000000000002
0.006838,-0.44,-1.9200000000000002
0.00684,-0.44,-1.9200000000000002
0.006842,-0.44,-1.9200000000000002
0.006844,-0.44,-1.8800000000000001
0.006846,-0.44,-1.8800000000000001
0.006848,-0.44,-1.8800000000000001
0.00685,-0.44,-1.8800000000000001
0.006852,-0.44,-1.8800000000000001
0.006854,-0.44,-1.84
0.006856,-0.44,-1.84
0.006858,-0.44,-1.84
0.00686,-0.4,-1.84
0.006862,-0.4,-1.8
0.006864,-0.4,-1.8
0.006866,-0.4,-1.8
0.006868,-0.4,-1.8
0.00687,-0.4,-1.7600000000000002
0.006872,-0.4,-1.7600000000000002
0.006874,-0.4,-1.7600000000000002
0.006876,-0.4,-1.7600000000000002
0.006878,-0.4,-1.7600000000000002
0.00688,-0.4,-1.7200000000000002
0.006882,-0.4,-1.7200000000000002
0.006884,-0.4,-1.7200000000000002
0.006886,-0.4,-1.7200000000000002
0.006888,-0.4,-1.7200000000000002
0.00689,-0.4,-1.7200000000000002
0.006892,-0.4,-1.6800000000000002
0.006894,-0.4,-1.6800000000000002
0.006896,-0.36,-1.6800000000000002
0.006898,-0.36,-1.6800000000000002
0.0069,-0.36,-1.6800000000000002
0.006902,-0.36,-1.6400000000000001
0.006904,-0.36,-1.6400000000000001
0.006906,-0.36,-1.6400000000000001
0.006908,-0.36,-1.6400000000000001
0.00691,-0.36,-1.6400000000000001
0.006912,-0.36,-1.6400000000000001
0.006914,-0.36,-1.6
0.006916,-0.36,-1.6
0.006918,-0.36,-1.6
0.00692,-0.36,-1.6
0.006922,-0.36,-1.6
0.006924,-0.32,-1.6
0.006926,-0.32,-1.56
0.006928,-0.36,-1.56
0.00693,-0.36,-1.56
0.006932,-0.36,-1.56
0.006934,-0.32,-1.56
0.006936,-0.32,-1.52
0.006938,-0.32,-1.52
0.00694,-0.32,-1.52
0.006942,-0.32,-1.52
0.006944,-0.32,-1.52
0.006946,-0.32,-1.52
0.006948,-0.32,-1.48
0.00695,-0.32,-1.48
0.006952,-0.32,-1.48
0.006954,-0.32,-1.48
0.006956,-0.32,-1.4400000000000002
0.006958,-0.32,-1.4400000000000002
0.00696,-0.28,-1.4400000000000002
0.006962,-0.28,-1.4400000000000002
0.006964,-0.28,-1.4400000000000002
0.006966,-0.28,-1.4000000000000001
0.006968,-0.28,-1.4000000000000001
0.00697,-0.28,-1.4000000000000001
0.006972,-0.28,-1.4000000000000001
0.006974,-0.28,-1.4000000000000001
0.006976,-0.28,-1.4000000000000001
0.006978,-0.28,-1.36
0.00698,-0.28,-1.36
0.006982,-0.28,-1.36
0.006984,-0.28,-1.36
0.006986,-0.28,-1.36
0.006988,-0.28,-1.36
0.00699,-0.28,-1.36
0.006992,-0.28,-1.3200000000000003
0.006994,-0.28,-1.3200000000000003
0.006996,-0.28,-1.3200000000000003
0.006998,-0.24,-1.3200000000000003
0.007,-0.24,-1.3200000000000003
0.007002,-0.24,-1.3200000000000003
0.007004,-0.24,-1.3200000000000003
0.007006,-0.24,-1.3200000000000003
0.007008,-0.24,-1.2800000000000002
0.00701,-0.24,-1.2800000000000002
0.007012,-0.24,-1.2800000000000002
0.007014,-0.24,-1.2800000000000002
0.007016,-0.24,-1.2800000000000002
0.007018,-0.24,-1.2800000000000002
0.00702,-0.24,-1.2800000000000002
0.007022,-0.24,-1.2400000000000002
0.007024,-0.24,-1.2400000000000002
0.007026,-0.24,-1.2400000000000002
0.007028,-0.24,-1.2400000000000002
0.00703,-0.2,-1.2400000000000002
0.007032,-0.24,-1.2400000000000002
0.007034,-0.24,-1.2000000000000002
0.007036,-0.2,-1.2000000000000002
0.007038,-0.2,-1.2000000000000002
0.00704,-0.2,-1.2000000000000002
0.007042,-0.2,-1.2000000000000002
0.007044,-0.2,-1.2000000000000002
0.007046,-0.2,-1.2000000000000002
0.007048,-0.2,-1.2000000000000002
0.00705,-0.2,-1.1600000000000001
0.007052,-0.2,-1.1600000000000001
0.007054,-0.2,-1.1600000000000001
0.007056,-0.2,-1.1600000000000001
0.007058,-0.2,-1.1600000000000001
0.00706,-0.2,-1.1600000000000001
0.007062,-0.2,-1.12
0.007064,-0.2,-1.12
0.007066,-0.2,-1.12
0.007068,-0.2,-1.12
0.00707,-0.2,-1.12
0.007072,-0.2,-1.12
0.007074,-0.2,-1.12
0.007076,-0.2,-1.12
0.007078,-0.2,-1.08
0.00708,-0.16,-1.08
0.007082,-0.16,-1.08
0.007084,-0.16,-1.08
0.007086,-0.16,-1.08
0.007088,-0.16,-1.08
0.00709,-0.16,-1.08
0.007092,-0.2,-1.04
0.007094,-0.16,-1.04
0.007096,-0.16,-1.04
0.007098,-0.16,-1.04
0.0071,-0.16,-1.04
0.007102,-0.16,-1.04
0.007104,-0.16,-1.04
0.007106,-0.16,-1.04
0.007108,-0.16,-1.04
0.00711,-0.16,-1.0
0.007112,-0.16,-1.0
0.007114,-0.16,-1.0
0.007116,-0.16,-1.0
0.007118,-0.16,-1.0
0.00712,-0.16,-1.0
0.007122,-0.16,-1.0
0.007124,-0.16,-1.0
0.007126,-0.16,-1.0
0.007128,-0.16,-1.0
0.00713,-0.16,-0.9600000000000002
0.007132,-0.16,-0.9600000000000002
0.007134,-0.16,-0.9600000000000002
0.007136,-0.16,-0.9600000000000002
0.007138,-0.16,-0.9600000000000002
0.00714,-0.16,-0.9600000000000002
0.007142,-0.12,-0.9600000000000002
0.007144,-0.12,-0.9600000000000002
0.007146,-0.12,-0.9600000000000002
0.007148,-0.12,-0.9600000000000002
0.00715,-0.12,-0.9200000000000002
0.007152,-0.12,-0.9200000000000002
0.007154,-0.12,-0.9200000000000002
0.007156,-0.12,-0.9200000000000002
0.007158,-0.12,-0.9200000000000002
0.00716,-0.12,-0.9200000000000002
0.007162,-0.12,-0.9200000000000002
0.007164,-0.12,-0.9200000000000002
0.007166,-0.12,-0.9200000000000002
0.007168,-0.12,-0.8800000000000001
0.00717,-0.12,-0.8800000000000001
0.007172,-0.12,-0.8800000000000001
0.007174,-0.12,-0.8800000000000001
0.007176,-0.12,-0.8800000000000001
0.007178,-0.12,-0.8800000000000001
0.00718,-0.12,-0.8800000000000001
0.007182,-0.12,-0.8800000000000001
0.007184,-0.12,-0.8800000000000001
0.007186,-0.12,-0.8400000000000001
0.007188,-0.12,-0.8400000000000001
0.00719,-0.12,-0.8400000000000001
0.007192,-0.12,-0.8400000000000001
0.007194,-0.12,-0.8400000000000001
0.007196,-0.12,-0.8400000000000001
0.007198,-0.12,-0.8400000000000001
0.0072,-0.12,-0.8400000000000001
0.007202,-0.08,-0.8400000000000001
0.007204,-0.12,-0.8400000000000001
0.007206,-0.08,-0.8000000000000002
0.007208,-0.08,-0.8000000000000002
0.00721,-0.08,-0.8000000000000002
0.007212,-0.08,-0.8000000000000002
0.007214,-0.08,-0.8000000000000002
0.007216,-0.08,-0.8000000000000002
0.007218,-0.08,-0.8000000000000002
0.00722,-0.08,-0.8000000000000002
0.007222,-0.08,-0.8000000000000002
0.007224,-0.08,-0.8000000000000002
0.007226,-0.08,-0.8000000000000002
0.007228,-0.08,-0.7600000000000001
0.00723,-0.08,-0.7600000000000001
0.007232,-0.08,-0.7600000000000001
0.007234,-0.08,-0.7600000000000001
0.007236,-0.08,-0.7600000000000001
0.007238,-0.08,-0.7600000000000001
0.00724,-0.08,-0.7600000000000001
0.007242,-0.08,-0.7600000000000001
0.007244,-0.08,-0.7600000000000001
0.007246,-0.08,-0.7600000000000001
0.007248,-0.08,-0.7600000000000001
0.00725,-0.08,-0.7200000000000001
0.007252,-0.08,-0.7200000000000001
0.007254,-0.08,-0.7200000000000001
0.007256,-0.08,-0.7200000000000001
0.007258,-0.08,-0.7200000000000001
0.00726,-0.08,-0.7200000000000001
0.007262,-0.08,-0.7200000000000001
0.007264,-0.08,-0.7200000000000001
0.007266,-0.04,-0.7200000000000001
0.007268,-0.04,-0.6800000000000002
0.00727,-0.08,-0.6800000000000002
0.007272,-0.04,-0.6800000000000002
0.007274,-0.08,-0.6800000000000002
0.007276,-0.08,-0.6800000000000002
0.007278,-0.08,-0.6800000000000002
0.00728,-0.04,-0.6800000000000002
0.007282,-0.04,-0.6800000000000002
0.007284,-0.04,-0.6800000000000002
0.007286,-0.04,-0.6800000000000002
0.007288,-0.04,-0.6800000000000002
0.00729,-0.04,-0.6800000000000002
0.007292,-0.04,-0.6800000000000002
0.007294,-0.04,-0.6400000000000001
0.007296,-0.04,-0.6400000000000001
0.007298,-0.04,-0.6400000000000001
0.0073,-0.04,-0.6400000000000001
0.007302,-0.04,-0.6400000000000001
0.007304,-0.04,-0.6400000000000001
0.007306,-0.04,-0.6400000000000001
0.007308,-0.04,-0.6400000000000001
0.00731,-0.04,-0.6400000000000001
0.007312,-0.04,-0.6400000000000001
0.007314,-0.04,-0.6000000000000001
0.007316,-0.04,-0.6000000000000001
0.007318,-0.04,-0.6000000000000001
0.00732,-0.04,-0.6000000000000001
0.007322,-0.04,-0.6000000000000001
0.007324,-0.04,-0.6000000000000001
0.007326,-0.04,-0.6000000000000001
0.007328,-0.04,-0.6000000000000001
0.00733,-0.04,-0.6000000000000001
0.007332,-0.04,-0.6000000000000001
0.007334,-0.04,-0.6000000000000001
0.007336,-0.04,-0.6000000000000001
0.007338,-0.04,-0.5600000000000002
0.00734,-0.04,-0.5600000000000002
0.007342,-0.04,-0.5600000000000002
0.007344,0.0,-0.5600000000000002
0.007346,0.0,-0.5600000000000002
0.007348,0.0,-0.5600000000000002
0.00735,0.0,-0.5600000000000002
0.007352,0.0,-0.5600000000000002
0.007354,-0.04,-0.5600000000000002
0.007356,0.0,-0.5600000000000002
0.007358,-0.04,-0.5600000000000002
0.00736,-0.04,-0.5600000000000002
0.007362,0.0,-0.5600000000000002
0.007364,0.0,-0.5600000000000002
0.007366,0.0,-0.5200000000000001
0.007368,0.0,-0.5600000000000002
0.00737,0.0,-0.5200000000000001
0.007372,0.0,-0.5200000000000001
0.007374,0.0,-0.5200000000000001
0.007376,0.0,-0.5200000000000001
0.007378,0.0,-0.5200000000000001
0.00738,0.0,-0.5200000000000001
0.007382,0.0,-0.5200000000000001
0.007384,0.0,-0.5200000000000001
0.007386,0.0,-0.5200000000000001
0.007388,0.0,-0.5200000000000001
0.00739,0.0,-0.5200000000000001
0.007392,0.0,-0.5200000000000001
0.007394,0.0,-0.5200000000000001
0.007396,0.0,-0.5200000000000001
0.007398,0.0,-0.4800000000000001
0.0074,0.0,-0.4800000000000001
0.007402,0.0,-0.4800000000000001
0.007404,0.0,-0.4800000000000001
0.007406,0.0,-0.4800000000000001
0.007408,0.0,-0.4800000000000001
0.00741,0.0,-0.4800000000000001
0.007412,0.0,-0.4800000000000001
0.007414,0.0,-0.4800000000000001
0.007416,0.0,-0.4800000000000001
0.007418,0.0,-0.4800000000000001
0.00742,0.0,-0.4800000000000001
0.007422,0.0,-0.4400000000000001
0.007424,0.0,-0.4400000000000001
0.007426,0.0,-0.4400000000000001
0.007428,0.0,-0.4800000000000001
0.00743,0.04,-0.4400000000000001
0.007432,0.0,-0.4400000000000001
0.007434,0.0,-0.4400000000000001
0.007436,0.04,-0.4400000000000001
0.007438,0.0,-0.4400000000000001
0.00744,0.0,-0.4400000000000001
0.007442,0.0,-0.4400000000000001
0.007444,0.0,-0.4400000000000001
0.007446,0.04,-0.4400000000000001
0.007448,0.04,-0.4400000000000001
0.00745,0.04,-0.4400000000000001
0.007452,0.04,-0.4400000000000001
0.007454,0.04,-0.4400000000000001
0.007456,0.04,-0.40000000000000013
0.007458,0.04,-0.40000000000000013
0.00746,0.04,-0.40000000000000013
0.007462,0.04,-0.40000000000000013
0.007464,0.04,-0.40000000000000013
0.007466,0.04,-0.40000000000000013
0.007468,0.04,-0.40000000000000013
0.00747,0.04,-0.40000000000000013
0.007472,0.04,-0.40000000000000013
0.007474,0.04,-0.40000000000000013
0.007476,0.04,-0.40000000000000013
0.007478,0.04,-0.40000000000000013
0.00748,0.04,-0.40000000000000013
0.007482,0.04,-0.40000000000000013
0.007484,0.04,-0.40000000000000013
0.007486,0.04,-0.3600000000000001
0.007488,0.04,-0.3600000000000001
0.00749,0.04,-0.3600000000000001
0.007492,0.04,-0.3600000000000001
0.007494,0.04,-0.3600000000000001
0.007496,0.04,-0.3600000000000001
0.007498,0.04,-0.3600000000000001
0.0075,0.04,-0.3600000000000001
0.007502,0.04,-0.3600000000000001
0.007504,0.04,-0.3600000000000001
0.007506,0.04,-0.3600000000000001
0.007508,0.04,-0.3600000000000001
0.00751,0.08,-0.3600000000000001
0.007512,0.04,-0.3600000000000001
0.007514,0.04,-0.3600000000000001
0.007516,0.04,-0.3600000000000001
0.007518,0.04,-0.3600000000000001
0.00752,0.04,-0.3600000000000001
0.007522,0.04,-0.3200000000000001
0.007524,0.04,-0.3200000000000001
0.007526,0.08,-0.3200000000000001
0.007528,0.08,-0.3200000000000001
0.00753,0.08,-0.3200000000000001
0.007532,0.08,-0.3200000000000001
0.007534,0.08,-0.3200000000000001
0.007536,0.08,-0.3200000000000001
0.007538,0.08,-0.3200000000000001
0.00754,0.08,-0.3200000000000001
0.007542,0.08,-0.3200000000000001
0.007544,0.08,-0.3200000000000001
0.007546,0.08,-0.3200000000000001
0.007548,0.08,-0.3200000000000001
0.00755,0.08,-0.3200000000000001
0.007552,0.08,-0.3200000000000001
0.007554,0.08,-0.3200000000000001
0.007556,0.08,-0.3200000000000001
0.007558,0.08,-0.28000000000000014
0.00756,0.08,-0.28000000000000014
0.007562,0.08,-0.28000000000000014
0.007564,0.08,-0.28000000000000014
0.007566,0.08,-0.28000000000000014
0.007568,0.08,-0.28000000000000014
0.00757,0.08,-0.28000000000000014
0.007572,0.08,-0.28000000000000014
0.007574,0.08,-0.28000000000000014
0.007576,0.08,-0.28000000000000014
0.007578,0.08,-0.28000000000000014
0.00758,0.08,-0.28000000000000014
0.007582,0.08,-0.28000000000000014
0.007584,0.08,-0.28000000000000014
0.007586,0.08,-0.28000000000000014
0.007588,0.08,-0.28000000000000014
0.00759,0.08,-0.28000000000000014
0.007592,0.08,-0.2400000000000001
0.007594,0.08,-0.28000000000000014
0.007596,0.08,-0.2400000000000001
0.007598,0.08,-0.2400000000000001
0.0076,0.08,-0.2400000000000001
0.007602,0.08,-0.2400000000000001
0.007604,0.08,-0.2400000000000001
0.007606,0.08,-0.2400000000000001
0.007608,0.08,-0.2400000000000001
0.00761,0.08,-0.2400000000000001
0.007612,0.08,-0.2400000000000001
0.007614,0.08,-0.2400000000000001
0.007616,0.08,-0.2400000000000001
0.007618,0.08,-0.2400000000000001
0.00762,0.08,-0.2400000000000001
0.007622,0.08,-0.2400000000000001
0.007624,0.08,-0.2400000000000001
0.007626,0.08,-0.2400000000000001
0.007628,0.12,-0.2400000000000001
0.00763,0.08,-0.20000000000000012
0.007632,0.12,-0.2400000000000001
0.007634,0.12,-0.2400000000000001
0.007636,0.08,-0.20000000000000012
0.007638,0.08,-0.20000000000000012
0.00764,0.08,-0.20000000000000012
0.007642,0.08,-0.20000000000000012
0.007644,0.08,-0.20000000000000012
0.007646,0.12,-0.20000000000000012
0.007648,0.12,-0.20000000000000012
0.00765,0.12,-0.20000000000000012
0.007652,0.12,-0.20000000000000012
0.007654,0.12,-0.20000000000000012
0.007656,0.12,-0.20000000000000012
0.007658,0.12,-0.20000000000000012
0.00766,0.12,-0.20000000000000012
0.007662,0.12,-0.20000000000000012
0.007664,0.12,-0.20000000000000012
0.007666,0.12,-0.20000000000000012
0.007668,0.12,-0.20000000000000012
0.00767,0.12,-0.20000000000000012
0.007672,0.12,-0.20000000000000012
0.007674,0.12,-0.20000000000000012
0.007676,0.12,-0.20000000000000012
0.007678,0.12,-0.20000000000000012
0.00768,0.12,-0.20000000000000012
0.007682,0.12,-0.20000000000000012
0.007684,0.12,-0.16000000000000014
0.007686,0.12,-0.16000000000000014
0.007688,0.12,-0.16000000000000014
0.00769,0.12,-0.16000000000000014
0.007692,0.12,-0.16000000000000014
0.007694,0.12,-0.20000000000000012
0.007696,0.12,-0.16000000000000014
0.007698,0.12,-0.16000000000000014
0.0077,0.12,-0.16000000000000014
0.007702,0.12,-0.16000000000000014
0.007704,0.12,-0.16000000000000014
0.007706,0.12,-0.16000000000000014
0.007708,0.12,-0.16000000000000014
0.00771,0.12,-0.16000000000000014
0.007712,0.12,-0.16000000000000014
0.007714,0.12,-0.16000000000000014
0.007716,0.12,-0.16000000000000014
0.007718,0.12,-0.16000000000000014
0.00772,0.12,-0.16000000000000014
0.007722,0.12,-0.16000000000000014
0.007724,0.12,-0.16000000000000014
0.007726,0.12,-0.16000000000000014
0.007728,0.16,-0.16000000000000014
0.00773,0.16,-0.16000000000000014
0.007732,0.16,-0.16000000000000014
0.007734,0.16,-0.16000000000000014
0.007736,0.12,-0.16000000000000014
0.007738,0.16,-0.16000000000000014
0.00774,0.12,-0.1200000000000001
0.007742,0.12,-0.16000000000000014
0.007744,0.16,-0.1200000000000001
0.007746,0.12,-0.1200000000000001
0.007748,0.12,-0.1200000000000001
0.00775,0.16,-0.1200000000000001
0.007752,0.16,-0.1200000000000001
0.007754,0.16,-0.1200000000000001
0.007756,0.16,-0.1200000000000001
0.007758,0.16,-0.1200000000000001
0.00776,0.16,-0.1200000000000001
0.007762,0.16,-0.1200000000000001
0.007764,0.12,-0.1200000000000001
0.007766,0.16,-0.1200000000000001
0.007768,0.16,-0.1200000000000001
0.00777,0.16,-0.1200000000000001
0.007772,0.16,-0.1200000000000001
0.007774,0.16,-0.1200000000000001
0.007776,0.16,-0.1200000000000001
0.007778,0.16,-0.1200000000000001
0.00778,0.16,-0.1200000000000001
0.007782,0.16,-0.1200000000000001
0.007784,0.16,-0.1200000000000001
0.007786,0.16,-0.1200000000000001
0.007788,0.16,-0.1200000000000001
0.00779,0.16,-0.1200000000000001
0.007792,0.16,-0.1200000000000001
0.007794,0.16,-0.1200000000000001
0.007796,0.16,-0.08000000000000007
0.007798,0.16,-0.1200000000000001
0.0078,0.16,-0.08000000000000007
0.007802,0.16,-0.08000000000000007
0.007804,0.16,-0.08000000000000007
0.007806,0.16,-0.08000000000000007
0.007808,0.16,-0.08000000000000007
0.00781,0.16,-0.08000000000000007
0.007812,0.16,-0.08000000000000007
0.007814,0.16,-0.08000000000000007
0.007816,0.16,-0.08000000000000007
0.007818,0.16,-0.08000000000000007
0.00782,0.16,-0.08000000000000007
0.007822,0.16,-0.08000000000000007
0.007824,0.16,-0.08000000000000007
0.007826,0.16,-0.08000000000000007
0.007828,0.16,-0.08000000000000007
0.00783,0.16,-0.08000000000000007
0.007832,0.16,-0.08000000000000007
0.007834,0.16,-0.08000000000000007
0.007836,0.16,-0.08000000000000007
0.007838,0.16,-0.08000000000000007
0.00784,0.16,-0.08000000000000007
0.007842,0.16,-0.08000000000000007
0.007844,0.16,-0.08000000000000007
0.007846,0.16,-0.08000000000000007
0.007848,0.16,-0.08000000000000007
0.00785,0.16,-0.04000000000000015
0.007852,0.16,-0.04000000000000015
0.007854,0.16,-0.04000000000000015
0.007856,0.16,-0.04000000000000015
0.007858,0.16,-0.08000000000000007
0.00786,0.16,-0.08000000000000007
0.007862,0.16,-0.04000000000000015
0.007864,0.16,-0.04000000000000015
0.007866,0.16,-0.04000000000000015
0.007868,0.16,-0.04000000000000015
0.00787,0.16,-0.04000000000000015
0.007872,0.16,-0.04000000000000015
0.007874,0.2,-0.04000000000000015
0.007876,0.16,-0.04000000000000015
0.007878,0.2,-0.04000000000000015
0.00788,0.16,-0.04000000000000015
0.007882,0.16,-0.04000000000000015
0.007884,0.16,-0.04000000000000015
0.007886,0.16,-0.04000000000000015
0.007888,0.16,-0.04000000000000015
0.00789,0.16,-0.04000000000000015
0.007892,0.2,-0.04000000000000015
0.007894,0.2,-0.04000000000000015
0.007896,0.2,-0.04000000000000015
0.007898,0.16,-0.04000000000000015
0.0079,0.2,-0.04000000000000015
0.007902,0.16,-0.04000000000000015
0.007904,0.2,-0.04000000000000015
0.007906,0.16,-0.04000000000000015
0.007908,0.16,-0.04000000000000015
0.00791,0.16,-1.1102230246251565e-16
0.007912,0.2,-1.1102230246251565e-16
0.007914,0.2,-0.04000000000000015
0.007916,0.2,-0.04000000000000015
0.007918,0.2,-0.04000000000000015
0.00792,0.16,-1.1102230246251565e-16
0.007922,0.16,-1.1102230246251565e-16
0.007924,0.16,-1.1102230246251565e-16
0.007926,0.16,-1.1102230246251565e-16
0.007928,0.2,-1.1102230246251565e-16
0.00793,0.2,-1.1102230246251565e-16
0.007932,0.2,-1.1102230246251565e-16
0.007934,0.2,-1.1102230246251565e-16
0.007936,0.2,-1.1102230246251565e-16
0.007938,0.2,-1.1102230246251565e-16
0.00794,0.2,-1.1102230246251565e-16
0.007942,0.2,-1.1102230246251565e-16
0.007944,0.2,-1.1102230246251565e-16
0.007946,0.2,-1.1102230246251565e-16
0.007948,0.2,-1.1102230246251565e-16
0.00795,0.2,-1.1102230246251565e-16
0.007952,0.2,-1.1102230246251565e-16
0.007954,0.2,-1.1102230246251565e-16
0.007956,0.2,-1.1102230246251565e-16
0.007958,0.2,-1.1102230246251565e-16
0.00796,0.2,-1.1102230246251565e-16
0.007962,0.2,-1.1102230246251565e-16
0.007964,0.2,-1.1102230246251565e-16
0.007966,0.2,-1.1102230246251565e-16
0.007968,0.2,-1.1102230246251565e-16
0.00797,0.2,-1.1102230246251565e-16
0.007972,0.2,-1.1102230246251565e-16
0.007974,0.2,-1.1102230246251565e-16
0.007976,0.2,-1.1102230246251565e-16
0.007978,0.2,-1.1102230246251565e-16
0.00798,0.2,-1.1102230246251565e-16
0.007982,0.2,-1.1102230246251565e-16
0.007984,0.2,-1.1102230246251565e-16
0.007986,0.2,0.039999999999999925
0.007988,0.2,-1.1102230246251565e-16
0.00799,0.2,0.039999999999999925
0.007992,0.2,0.039999999999999925
0.007994,0.2,-1.1102230246251565e-16
0.007996,0.2,0.039999999999999925
0.007998,0.2,-1.1102230246251565e-16
0.008,0.2,-1.1102230246251565e-16
0.008002,0.2,-1.1102230246251565e-16
0.008004,0.2,0.039999999999999925
0.008006,0.2,0.039999999999999925
0.008008,0.2,0.039999999999999925
0.00801,0.2,0.039999999999999925
0.008012,0.2,0.039999999999999925
0.008014,0.2,0.039999999999999925
0.008016,0.2,0.039999999999999925
0.008018,0.2,0.039999999999999925
0.00802,0.2,0.039999999999999925
0.008022,0.2,0.039999999999999925
0.008024,0.2,0.039999999999999925
0.008026,0.2,0.039999999999999925
0.008028,0.2,0.039999999999999925
0.00803,0.2,0.039999999999999925
0.008032,0.2,0.039999999999999925
0.008034,0.2,0.039999999999999925
0.008036,0.2,0.039999999999999925
0.008038,0.2,0.039999999999999925
0.00804,0.2,0.039999999999999925
0.008042,0.2,0.039999999999999925
0.008044,0.2,0.039999999999999925
0.008046,0.2,0.039999999999999925
0.008048,0.2,0.039999999999999925
0.00805,0.2,0.039999999999999925
0.008052,0.2,0.039999999999999925
0.008054,0.2,0.07999999999999985
0.008056,0.2,0.039999999999999925
0.008058,0.2,0.039999999999999925
0.00806,0.2,0.039999999999999925
0.008062,0.2,0.039999999999999925
0.008064,0.2,0.039999999999999925
0.008066,0.2,0.07999999999999985
0.008068,0.2,0.07999999999999985
0.00807,0.2,0.07999999999999985
0.008072,0.2,0.07999999999999985
0.008074,0.2,0.07999999999999985
0.008076,0.2,0.07999999999999985
0.008078,0.2,0.07999999999999985
0.00808,0.2,0.039999999999999925
0.008082,0.2,0.07999999999999985
0.008084,0.2,0.07999999999999985
0.008086,0.2,0.07999999999999985
0.008088,0.2,0.07999999999999985
0.00809,0.2,0.07999999999999985
0.008092,0.2,0.07999999999999985
0.008094,0.2,0.07999999999999985
0.008096,0.2,0.07999999999999985
0.008098,0.2,0.07999999999999985
0.0081,0.2,0.07999999999999985
0.008102,0.2,0.07999999999999985
0.008104,0.2,0.07999999999999985
0.008106,0.2,0.07999999999999985
0.008108,0.2,0.07999999999999985
0.00811,0.2,0.07999999999999985
0.008112,0.2,0.07999999999999985
0.008114,0.24,0.07999999999999985
0.008116,0.24,0.07999999999999985
0.008118,0.24,0.07999999999999985
0.00812,0.24,0.07999999999999985
0.008122,0.24,0.07999999999999985
0.008124,0.2,0.07999999999999985
0.008126,0.2,0.07999999999999985
0.008128,0.2,0.07999999999999985
0.00813,0.24,0.07999999999999985
0.008132,0.2,0.07999999999999985
0.008134,0.24,0.07999999999999985
0.008136,0.24,0.07999999999999985
0.008138,0.24,0.07999999999999985
0.00814,0.24,0.07999999999999985
0.008142,0.24,0.07999999999999985
0.008144,0.24,0.07999999999999985
0.008146,0.24,0.07999999999999985
0.008148,0.24,0.07999999999999985
0.00815,0.2,0.11999999999999988
0.008152,0.2,0.11999999999999988
0.008154,0.24,0.11999999999999988
0.008156,0.24,0.11999999999999988
0.008158,0.24,0.11999999999999988
0.00816,0.24,0.11999999999999988
0.008162,0.24,0.11999999999999988
0.008164,0.24,0.11999999999999988
0.008166,0.24,0.11999999999999988
0.008168,0.2,0.11999999999999988
0.00817,0.2,0.11999999999999988
0.008172,0.24,0.11999999999999988
0.008174,0.24,0.11999999999999988
0.008176,0.24,0.11999999999999988
0.008178,0.24,0.11999999999999988
0.00818,0.24,0.11999999999999988
0.008182,0.24,0.11999999999999988
0.008184,0.24,0.11999999999999988
0.008186,0.24,0.11999999999999988
0.008188,0.24,0.11999999999999988
0.00819,0.2,0.11999999999999988
0.008192,0.24,0.11999999999999988
0.008194,0.24,0.11999999999999988
0.008196,0.24,0.11999999999999988
0.008198,0.24,0.11999999999999988
0.0082,0.24,0.11999999999999988
0.008202,0.24,0.11999999999999988
0.008204,0.24,0.11999999999999988
0.008206,0.24,0.11999999999999988
0.008208,0.24,0.11999999999999988
0.00821,0.24,0.11999999999999988
0.008212,0.24,0.11999999999999988
0.008214,0.24,0.11999999999999988
0.008216,0.24,0.11999999999999988
0.008218,0.24,0.11999999999999988
0.00822,0.24,0.11999999999999988
0.008222,0.24,0.11999999999999988
0.008224,0.24,0.11999999999999988
0.008226,0.24,0.15999999999999992
0.008228,0.24,0.15999999999999992
0.00823,0.24,0.15999999999999992
0.008232,0.24,0.15999999999999992
0.008234,0.24,0.15999999999999992
0.008236,0.24,0.15999999999999992
0.008238,0.24,0.15999999999999992
0.00824,0.24,0.15999999999999992
0.008242,0.24,0.15999999999999992
0.008244,0.24,0.15999999999999992
0.008246,0.24,0.15999999999999992
0.008248,0.24,0.15999999999999992
0.00825,0.24,0.15999999999999992
0.008252,0.24,0.15999999999999992
0.008254,0.24,0.15999999999999992
0.008256,0.24,0.15999999999999992
0.008258,0.24,0.15999999999999992
0.00826,0.24,0.15999999999999992
0.008262,0.24,0.15999999999999992
0.008264,0.24,0.15999999999999992
0.008266,0.24,0.15999999999999992
0.008268,0.24,0.15999999999999992
0.00827,0.24,0.15999999999999992
0.008272,0.24,0.15999999999999992
0.008274,0.24,0.15999999999999992
0.008276,0.24,0.15999999999999992
0.008278,0.24,0.15999999999999992
0.00828,0.24,0.15999999999999992
0.008282,0.24,0.15999999999999992
0.008284,0.24,0.15999999999999992
0.008286,0.24,0.15999999999999992
0.008288,0.24,0.15999999999999992
0.00829,0.24,0.15999999999999992
0.008292,0.24,0.15999999999999992
0.008294,0.24,0.15999999999999992
0.008296,0.24,0.15999999999999992
0.008298,0.24,0.15999999999999992
0.0083,0.24,0.15999999999999992
0.008302,0.24,0.15999999999999992
0.008304,0.24,0.15999999999999992
0.008306,0.24,0.15999999999999992
0.008308,0.24,0.15999999999999992
0.00831,0.24,0.15999999999999992
0.008312,0.24,0.15999999999999992
0.008314,0.24,0.15999999999999992
0.008316,0.24,0.15999999999999992
0.008318,0.24,0.15999999999999992
0.00832,0.24,0.15999999999999992
0.008322,0.24,0.15999999999999992
0.008324,0.24,0.15999999999999992
0.008326,0.24,0.15999999999999992
0.008328,0.24,0.15999999999999992
0.00833,0.24,0.19999999999999984
0.008332,0.24,0.19999999999999984
0.008334,0.24,0.19999999999999984
0.008336,0.24,0.19999999999999984
0.008338,0.24,0.15999999999999992
0.00834,0.24,0.15999999999999992
0.008342,0.24,0.19999999999999984
0.008344,0.24,0.15999999999999992
0.008346,0.24,0.15999999999999992
0.008348,0.24,0.15999999999999992
0.00835,0.24,0.19999999999999984
0.008352,0.24,0.19999999999999984
0.008354,0.24,0.19999999999999984
0.008356,0.24,0.19999999999999984
0.008358,0.24,0.19999999999999984
0.00836,0.24,0.19999999999999984
0.008362,0.24,0.19999999999999984
0.008364,0.24,0.19999999999999984
0.008366,0.24,0.19999999999999984
0.008368,0.24,0.19999999999999984
0.00837,0.24,0.19999999999999984
0.008372,0.24,0.19999999999999984
0.008374,0.24,0.19999999999999984
0.008376,0.24,0.19999999999999984
0.008378,0.24,0.19999999999999984
0.00838,0.24,0.19999999999999984
0.008382,0.24,0.19999999999999984
0.008384,0.28,0.19999999999999984
0.008386,0.24,0.19999999999999984
0.008388,0.24,0.19999999999999984
0.00839,0.24,0.19999999999999984
0.008392,0.24,0.19999999999999984
0.008394,0.24,0.19999999999999984
0.008396,0.24,0.19999999999999984
0.008398,0.24,0.19999999999999984
0.0084,0.24,0.19999999999999984
0.008402,0.28,0.19999999999999984
0.008404,0.28,0.19999999999999984
0.008406,0.24,0.19999999999999984
0.008408,0.28,0.19999999999999984
0.00841,0.24,0.19999999999999984
0.008412,0.24,0.19999999999999984
0.008414,0.24,0.19999999999999984
0.008416,0.24,0.19999999999999984
0.008418,0.24,0.19999999999999984
0.00842,0.28,0.19999999999999984
0.008422,0.24,0.19999999999999984
0.008424,0.24,0.19999999999999984
0.008426,0.24,0.19999999999999984
0.008428,0.24,0.19999999999999984
0.00843,0.24,0.19999999999999984
0.008432,0.24,0.19999999999999984
0.008434,0.24,0.19999999999999984
0.008436,0.24,0.19999999999999984
0.008438,0.24,0.19999999999999984
0.00844,0.24,0.19999999999999984
0.008442,0.28,0.19999999999999984
0.008444,0.24,0.19999999999999984
0.008446,0.24,0.19999999999999984
0.008448,0.24,0.19999999999999984
0.00845,0.24,0.19999999999999984
0.008452,0.24,0.23999999999999988
0.008454,0.24,0.19999999999999984
0.008456,0.24,0.19999999999999984
0.008458,0.24,0.19999999999999984
0.00846,0.24,0.23999999999999988
0.008462,0.24,0.19999999999999984
0.008464,0.24,0.19999999999999984
0.008466,0.24,0.23999999999999988
0.008468,0.24,0.19999999999999984
0.00847,0.24,0.23999999999999988
0.008472,0.24,0.23999999999999988
0.008474,0.24,0.23999999999999988
0.008476,0.24,0.23999999999999988
0.008478,0.28,0.23999999999999988
0.00848,0.24,0.23999999999999988
0.008482,0.28,0.23999999999999988
0.008484,0.28,0.23999999999999988
0.008486,0.28,0.23999999999999988
0.008488,0.28,0.23999999999999988
0.00849,0.24,0.23999999999999988
0.008492,0.24,0.23999999999999988
0.008494,0.24,0.23999999999999988
0.008496,0.24,0.23999999999999988
0.008498,0.28,0.23999999999999988
0.0085,0.28,0.23999999999999988
0.008502,0.28,0.23999999999999988
0.008504,0.28,0.23999999999999988
0.008506,0.28,0.23999999999999988
0.008508,0.28,0.23999999999999988
0.00851,0.24,0.23999999999999988
0.008512,0.24,0.23999999999999988
0.008514,0.24,0.23999999999999988
0.008516,0.24,0.23999999999999988
0.008518,0.24,0.23999999999999988
0.00852,0.24,0.23999999999999988
0.008522,0.28,0.23999999999999988
0.008524,0.28,0.23999999999999988
0.008526,0.28,0.23999999999999988
0.008528,0.28,0.23999999999999988
0.00853,0.28,0.23999999999999988
0.008532,0.24,0.23999999999999988
0.008534,0.24,0.23999999999999988
0.008536,0.24,0.23999999999999988
0.008538,0.28,0.23999999999999988
0.00854,0.28,0.23999999999999988
0.008542,0.28,0.23999999999999988
0.008544,0.28,0.23999999999999988
0.008546,0.28,0.23999999999999988
0.008548,0.28,0.23999999999999988
0.00855,0.28,0.23999999999999988
0.008552,0.24,0.23999999999999988
0.008554,0.24,0.23999999999999988
0.008556,0.24,0.23999999999999988
0.008558,0.24,0.23999999999999988
0.00856,0.28,0.23999999999999988
0.008562,0.28,0.23999999999999988
0.008564,0.28,0.23999999999999988
0.008566,0.28,0.23999999999999988
0.008568,0.28,0.23999999999999988
0.00857,0.28,0.23999999999999988
0.008572,0.28,0.23999999999999988
0.008574,0.24,0.23999999999999988
0.008576,0.24,0.23999999999999988
0.008578,0.28,0.23999999999999988
0.00858,0.28,0.23999999999999988
0.008582,0.28,0.23999999999999988
0.008584,0.28,0.23999999999999988
0.008586,0.28,0.23999999999999988
0.008588,0.28,0.23999999999999988
0.00859,0.28,0.23999999999999988
0.008592,0.28,0.23999999999999988
0.008594,0.28,0.23999999999999988
0.008596,0.24,0.23999999999999988
0.008598,0.28,0.23999999999999988
0.0086,0.28,0.2799999999999999
0.008602,0.28,0.23999999999999988
0.008604,0.28,0.23999999999999988
0.008606,0.28,0.23999999999999988
0.008608,0.28,0.23999999999999988
0.00861,0.28,0.23999999999999988
0.008612,0.28,0.23999999999999988
0.008614,0.28,0.23999999999999988
0.008616,0.28,0.23999999999999988
0.008618,0.28,0.23999999999999988
0.00862,0.28,0.23999999999999988
0.008622,0.28,0.23999999999999988
0.008624,0.28,0.23999999999999988
0.008626,0.28,0.23999999999999988
0.008628,0.28,0.23999999999999988
0.00863,0.28,0.23999999999999988
0.008632,0.28,0.2799999999999999
0.008634,0.28,0.23999999999999988
0.008636,0.28,0.23999999999999988
0.008638,0.28,0.2799999999999999
0.00864,0.28,0.2799999999999999
0.008642,0.28,0.2799999999999999
0.008644,0.28,0.2799999999999999
0.008646,0.28,0.23999999999999988
0.008648,0.28,0.23999999999999988
0.00865,0.28,0.23999999999999988
0.008652,0.28,0.23999999999999988
0.008654,0.28,0.2799999999999999
0.008656,0.28,0.23999999999999988
0.008658,0.28,0.2799999999999999
0.00866,0.28,0.2799999999999999
0.008662,0.28,0.23999999999999988
0.008664,0.28,0.2799999999999999
0.008666,0.28,0.23999999999999988
0.008668,0.28,0.23999999999999988
0.00867,0.28,0.2799999999999999
0.008672,0.28,0.23999999999999988
0.008674,0.28,0.2799999999999999
0.008676,0.28,0.2799999999999999
0.008678,0.28,0.2799999999999999
